[2026-09-12 20:19:34] testing.INFO: Faction loyalty automation requested. {"character_id":112,"character_name":"c3cBQaiV9A","faction_loyalty_npc_id":1,"npc_name":"Faction Loyalty NPC 506-1","attack_type":"attack"} 
[2026-09-12 20:19:34] testing.INFO: Faction loyalty automation records created. {"character_id":112,"character_name":"c3cBQaiV9A","automation_id":8,"faction_loyalty_automation_id":1,"faction_loyalty_npc_id":1,"completed_at":"2026-09-13 04:19:34"} 
[2026-09-12 20:19:34] testing.INFO: Faction loyalty automation dispatch requested. {"character_id":112,"character_name":"c3cBQaiV9A","automation_id":8,"faction_loyalty_automation_id":1,"connection":"long_running","queue":"faction_loyalty","delay_minutes":1} 
[2026-09-12 20:19:34] testing.INFO: Faction loyalty automation dispatch completed. {"character_id":112,"character_name":"c3cBQaiV9A","automation_id":8,"faction_loyalty_automation_id":1,"connection":"long_running","queue":"faction_loyalty","delay_minutes":1} 
[2026-09-12 20:19:38] testing.INFO: Faction loyalty automation stopped by player. {"character_id":123,"character_name":"ug8oepMtJD","automation_id":12,"faction_loyalty_automation_id":2} 
[2026-09-12 20:19:38] testing.WARNING: Faction loyalty automation stop requested but no active automation found. {"character_id":124,"character_name":"gytDZatA8C"} 
[2026-09-12 20:25:54] testing.INFO: Faction loyalty fight run metrics. {"character_id":1495,"faction_loyalty_automation_id":45,"required_kills":0,"current_kills":0,"remaining_kills":0,"kills_this_run":0,"bounty_kills_this_run":0,"training_kills_this_run":0,"attack_attempts_this_run":0,"elapsed_seconds":0.022,"cache_reuse_count":0,"yield_reason":null,"continuation":false} 
[2026-09-12 20:25:55] testing.INFO: Faction loyalty fight run metrics. {"character_id":1496,"faction_loyalty_automation_id":46,"required_kills":1,"current_kills":0,"remaining_kills":1,"kills_this_run":0,"bounty_kills_this_run":0,"training_kills_this_run":0,"attack_attempts_this_run":0,"elapsed_seconds":0.004,"cache_reuse_count":0,"yield_reason":null,"continuation":false} 
[2026-09-12 20:25:55] testing.INFO: Faction loyalty fight run metrics. {"character_id":1497,"faction_loyalty_automation_id":47,"required_kills":1,"current_kills":1,"remaining_kills":0,"kills_this_run":0,"bounty_kills_this_run":0,"training_kills_this_run":0,"attack_attempts_this_run":0,"elapsed_seconds":0.005,"cache_reuse_count":0,"yield_reason":null,"continuation":false} 
[2026-09-12 20:25:55] testing.INFO: Faction loyalty fight run metrics. {"character_id":1498,"faction_loyalty_automation_id":48,"required_kills":1,"current_kills":0,"remaining_kills":1,"kills_this_run":1,"bounty_kills_this_run":1,"training_kills_this_run":0,"attack_attempts_this_run":1,"elapsed_seconds":0.005,"cache_reuse_count":0,"yield_reason":null,"continuation":false} 
[2026-09-12 20:25:55] testing.INFO: Faction loyalty fight run metrics. {"character_id":1499,"faction_loyalty_automation_id":49,"required_kills":1,"current_kills":0,"remaining_kills":1,"kills_this_run":1,"bounty_kills_this_run":1,"training_kills_this_run":0,"attack_attempts_this_run":3,"elapsed_seconds":0.005,"cache_reuse_count":0,"yield_reason":null,"continuation":false} 
[2026-09-12 20:25:56] testing.INFO: Faction loyalty fight run metrics. {"character_id":1500,"faction_loyalty_automation_id":50,"required_kills":1,"current_kills":0,"remaining_kills":1,"kills_this_run":0,"bounty_kills_this_run":0,"training_kills_this_run":0,"attack_attempts_this_run":1,"elapsed_seconds":0.004,"cache_reuse_count":0,"yield_reason":null,"continuation":false} 
[2026-09-12 20:25:56] testing.INFO: Faction loyalty fight run metrics. {"character_id":1501,"faction_loyalty_automation_id":51,"required_kills":1,"current_kills":0,"remaining_kills":1,"kills_this_run":0,"bounty_kills_this_run":0,"training_kills_this_run":0,"attack_attempts_this_run":1,"elapsed_seconds":0.005,"cache_reuse_count":0,"yield_reason":null,"continuation":false} 
[2026-09-12 20:25:56] testing.INFO: Faction loyalty fight run metrics. {"character_id":1502,"faction_loyalty_automation_id":52,"required_kills":50,"current_kills":0,"remaining_kills":50,"kills_this_run":25,"bounty_kills_this_run":25,"training_kills_this_run":0,"attack_attempts_this_run":25,"elapsed_seconds":0.008,"cache_reuse_count":24,"yield_reason":"kill_limit","continuation":true} 
[2026-09-12 20:25:56] testing.INFO: Faction loyalty fight run metrics. {"character_id":1502,"faction_loyalty_automation_id":52,"required_kills":50,"current_kills":25,"remaining_kills":25,"kills_this_run":25,"bounty_kills_this_run":25,"training_kills_this_run":0,"attack_attempts_this_run":25,"elapsed_seconds":0.01,"cache_reuse_count":24,"yield_reason":null,"continuation":false} 
[2026-09-12 20:25:57] testing.INFO: Faction loyalty fight run metrics. {"character_id":1503,"faction_loyalty_automation_id":53,"required_kills":1,"current_kills":0,"remaining_kills":1,"kills_this_run":0,"bounty_kills_this_run":0,"training_kills_this_run":0,"attack_attempts_this_run":101,"elapsed_seconds":0.007,"cache_reuse_count":0,"yield_reason":null,"continuation":false} 
[2026-09-12 20:25:57] testing.INFO: Faction loyalty fight run metrics. {"character_id":1504,"faction_loyalty_automation_id":54,"required_kills":1,"current_kills":0,"remaining_kills":1,"kills_this_run":0,"bounty_kills_this_run":0,"training_kills_this_run":0,"attack_attempts_this_run":2,"elapsed_seconds":91.0,"cache_reuse_count":0,"yield_reason":"elapsed_time_budget","continuation":true} 
[2026-09-12 20:25:57] testing.INFO: Faction loyalty fight run metrics. {"character_id":1505,"faction_loyalty_automation_id":55,"required_kills":1,"current_kills":0,"remaining_kills":1,"kills_this_run":1,"bounty_kills_this_run":1,"training_kills_this_run":0,"attack_attempts_this_run":1,"elapsed_seconds":0.006,"cache_reuse_count":1,"yield_reason":null,"continuation":false} 
[2026-09-12 20:25:58] testing.INFO: Faction loyalty fight run metrics. {"character_id":1506,"faction_loyalty_automation_id":56,"required_kills":1,"current_kills":0,"remaining_kills":1,"kills_this_run":0,"bounty_kills_this_run":0,"training_kills_this_run":0,"attack_attempts_this_run":100,"elapsed_seconds":0.007,"cache_reuse_count":1,"yield_reason":null,"continuation":false} 
[2026-09-12 20:25:58] testing.INFO: Faction loyalty fight run metrics. {"character_id":1507,"faction_loyalty_automation_id":57,"required_kills":1,"current_kills":0,"remaining_kills":1,"kills_this_run":0,"bounty_kills_this_run":0,"training_kills_this_run":0,"attack_attempts_this_run":100,"elapsed_seconds":0.01,"cache_reuse_count":1,"yield_reason":null,"continuation":false} 
[2026-09-12 20:25:58] testing.INFO: Faction loyalty fight run metrics. {"character_id":1508,"faction_loyalty_automation_id":58,"required_kills":1,"current_kills":0,"remaining_kills":1,"kills_this_run":0,"bounty_kills_this_run":0,"training_kills_this_run":0,"attack_attempts_this_run":1,"elapsed_seconds":0.007,"cache_reuse_count":0,"yield_reason":null,"continuation":false} 
[2026-09-12 20:25:58] testing.INFO: Faction loyalty fight run metrics. {"character_id":1508,"faction_loyalty_automation_id":58,"required_kills":1,"current_kills":0,"remaining_kills":1,"kills_this_run":0,"bounty_kills_this_run":0,"training_kills_this_run":0,"attack_attempts_this_run":1,"elapsed_seconds":0.015,"cache_reuse_count":0,"yield_reason":null,"continuation":false} 
[2026-09-12 20:25:59] testing.INFO: Faction loyalty fight run metrics. {"character_id":1509,"faction_loyalty_automation_id":59,"required_kills":1,"current_kills":0,"remaining_kills":1,"kills_this_run":0,"bounty_kills_this_run":0,"training_kills_this_run":0,"attack_attempts_this_run":1,"elapsed_seconds":0.008,"cache_reuse_count":0,"yield_reason":null,"continuation":false} 
[2026-09-12 20:25:59] testing.INFO: Faction loyalty fight run metrics. {"character_id":1509,"faction_loyalty_automation_id":59,"required_kills":1,"current_kills":0,"remaining_kills":1,"kills_this_run":0,"bounty_kills_this_run":0,"training_kills_this_run":0,"attack_attempts_this_run":2,"elapsed_seconds":0.016,"cache_reuse_count":0,"yield_reason":null,"continuation":false} 
[2026-09-12 20:25:59] testing.INFO: Faction loyalty fight run metrics. {"character_id":1510,"faction_loyalty_automation_id":60,"required_kills":1,"current_kills":0,"remaining_kills":1,"kills_this_run":0,"bounty_kills_this_run":0,"training_kills_this_run":0,"attack_attempts_this_run":1,"elapsed_seconds":0.008,"cache_reuse_count":0,"yield_reason":null,"continuation":false} 
[2026-09-12 20:25:59] testing.INFO: Faction loyalty fight run metrics. {"character_id":1510,"faction_loyalty_automation_id":60,"required_kills":1,"current_kills":0,"remaining_kills":1,"kills_this_run":0,"bounty_kills_this_run":0,"training_kills_this_run":0,"attack_attempts_this_run":2,"elapsed_seconds":0.016,"cache_reuse_count":0,"yield_reason":null,"continuation":false} 
[2026-09-12 20:25:59] testing.INFO: Faction loyalty fight run metrics. {"character_id":1511,"faction_loyalty_automation_id":61,"required_kills":1,"current_kills":0,"remaining_kills":1,"kills_this_run":0,"bounty_kills_this_run":0,"training_kills_this_run":0,"attack_attempts_this_run":1,"elapsed_seconds":0.008,"cache_reuse_count":0,"yield_reason":null,"continuation":false} 
[2026-09-12 20:25:59] testing.INFO: Faction loyalty fight run metrics. {"character_id":1511,"faction_loyalty_automation_id":61,"required_kills":1,"current_kills":0,"remaining_kills":1,"kills_this_run":0,"bounty_kills_this_run":0,"training_kills_this_run":0,"attack_attempts_this_run":2,"elapsed_seconds":0.016,"cache_reuse_count":0,"yield_reason":null,"continuation":false} 
[2026-09-12 20:25:59] testing.INFO: Faction loyalty fight run metrics. {"character_id":1512,"faction_loyalty_automation_id":62,"required_kills":1,"current_kills":0,"remaining_kills":1,"kills_this_run":0,"bounty_kills_this_run":0,"training_kills_this_run":0,"attack_attempts_this_run":1,"elapsed_seconds":0.007,"cache_reuse_count":0,"yield_reason":null,"continuation":false} 
[2026-09-12 20:25:59] testing.INFO: Faction loyalty fight run metrics. {"character_id":1512,"faction_loyalty_automation_id":62,"required_kills":1,"current_kills":0,"remaining_kills":1,"kills_this_run":0,"bounty_kills_this_run":0,"training_kills_this_run":0,"attack_attempts_this_run":1,"elapsed_seconds":0.015,"cache_reuse_count":0,"yield_reason":null,"continuation":false} 
[2026-09-12 20:26:00] testing.INFO: Faction loyalty fight run metrics. {"character_id":1513,"faction_loyalty_automation_id":63,"required_kills":1,"current_kills":0,"remaining_kills":1,"kills_this_run":0,"bounty_kills_this_run":0,"training_kills_this_run":0,"attack_attempts_this_run":1,"elapsed_seconds":0.007,"cache_reuse_count":0,"yield_reason":null,"continuation":false} 
[2026-09-12 20:26:00] testing.INFO: Faction loyalty fight run metrics. {"character_id":1513,"faction_loyalty_automation_id":63,"required_kills":1,"current_kills":0,"remaining_kills":1,"kills_this_run":0,"bounty_kills_this_run":0,"training_kills_this_run":0,"attack_attempts_this_run":102,"elapsed_seconds":0.019,"cache_reuse_count":0,"yield_reason":null,"continuation":false} 
[2026-09-12 20:26:00] testing.INFO: Faction loyalty fight run metrics. {"character_id":1514,"faction_loyalty_automation_id":64,"required_kills":1,"current_kills":0,"remaining_kills":1,"kills_this_run":0,"bounty_kills_this_run":0,"training_kills_this_run":0,"attack_attempts_this_run":1,"elapsed_seconds":0.0,"cache_reuse_count":0,"yield_reason":null,"continuation":false} 
[2026-09-12 20:26:00] testing.INFO: Faction loyalty fight run metrics. {"character_id":1514,"faction_loyalty_automation_id":64,"required_kills":1,"current_kills":0,"remaining_kills":1,"kills_this_run":0,"bounty_kills_this_run":0,"training_kills_this_run":0,"attack_attempts_this_run":3,"elapsed_seconds":91.0,"cache_reuse_count":0,"yield_reason":"elapsed_time_budget","continuation":true} 
[2026-09-12 20:26:00] testing.INFO: Faction loyalty fight run metrics. {"character_id":1515,"faction_loyalty_automation_id":65,"required_kills":1,"current_kills":0,"remaining_kills":1,"kills_this_run":0,"bounty_kills_this_run":0,"training_kills_this_run":0,"attack_attempts_this_run":100,"elapsed_seconds":0.011,"cache_reuse_count":1,"yield_reason":null,"continuation":false} 
[2026-09-12 20:26:01] testing.INFO: Faction loyalty fight run metrics. {"character_id":1516,"faction_loyalty_automation_id":66,"required_kills":1,"current_kills":0,"remaining_kills":1,"kills_this_run":0,"bounty_kills_this_run":0,"training_kills_this_run":0,"attack_attempts_this_run":1,"elapsed_seconds":0.007,"cache_reuse_count":0,"yield_reason":null,"continuation":false} 
[2026-09-12 20:26:01] testing.INFO: Faction loyalty fight run metrics. {"character_id":1516,"faction_loyalty_automation_id":66,"required_kills":1,"current_kills":0,"remaining_kills":1,"kills_this_run":25,"bounty_kills_this_run":0,"training_kills_this_run":25,"attack_attempts_this_run":26,"elapsed_seconds":0.018,"cache_reuse_count":24,"yield_reason":"kill_limit","continuation":true} 
[2026-09-12 20:26:01] testing.INFO: Faction loyalty fight run metrics. {"character_id":1517,"faction_loyalty_automation_id":67,"required_kills":1,"current_kills":0,"remaining_kills":1,"kills_this_run":1,"bounty_kills_this_run":0,"training_kills_this_run":1,"attack_attempts_this_run":1,"elapsed_seconds":91.0,"cache_reuse_count":1,"yield_reason":"elapsed_time_budget","continuation":true} 
[2026-09-12 20:26:01] testing.INFO: Faction loyalty fight run metrics. {"character_id":1518,"faction_loyalty_automation_id":68,"required_kills":1,"current_kills":0,"remaining_kills":1,"kills_this_run":0,"bounty_kills_this_run":0,"training_kills_this_run":0,"attack_attempts_this_run":1,"elapsed_seconds":0.006,"cache_reuse_count":0,"yield_reason":null,"continuation":false} 
[2026-09-12 20:26:17] testing.INFO: Faction loyalty job picked up. {"character_id":1537,"automation_id":1221,"faction_loyalty_automation_id":1087,"connection":null,"queue":null} 
[2026-09-12 20:26:17] testing.INFO: Faction loyalty job records loaded. {"character_id":1537,"character_name":"XF0DP40tLU","automation_id":1221,"faction_loyalty_automation_id":1087,"character_found":true,"character_automation_found":false,"faction_loyalty_automation_found":false} 
[2026-09-12 20:26:17] testing.WARNING: Faction loyalty job bailing: automation record not found. {"character_id":1537,"character_name":"XF0DP40tLU","automation_id":1221,"faction_loyalty_automation_id":1087} 
[2026-09-12 20:26:18] testing.INFO: Faction loyalty job picked up. {"character_id":1538,"automation_id":223,"faction_loyalty_automation_id":1088,"connection":null,"queue":null} 
[2026-09-12 20:26:18] testing.INFO: Faction loyalty job records loaded. {"character_id":1538,"character_name":"wJrpAPPIov","automation_id":223,"faction_loyalty_automation_id":1088,"character_found":true,"character_automation_found":true,"faction_loyalty_automation_found":false} 
[2026-09-12 20:26:18] testing.WARNING: Faction loyalty job bailing: automation record not found. {"character_id":1538,"character_name":"wJrpAPPIov","automation_id":223,"faction_loyalty_automation_id":1088} 
[2026-09-12 20:26:18] testing.INFO: Faction loyalty job picked up. {"character_id":1539,"automation_id":225,"faction_loyalty_automation_id":90,"connection":null,"queue":null} 
[2026-09-12 20:26:18] testing.INFO: Faction loyalty job records loaded. {"character_id":1539,"character_name":"70ot3QhpJ1","automation_id":225,"faction_loyalty_automation_id":90,"character_found":true,"character_automation_found":true,"faction_loyalty_automation_found":true} 
[2026-09-12 20:26:18] testing.WARNING: Faction loyalty job bailing: faction loyalty automation already completed. {"character_id":1539,"character_name":"70ot3QhpJ1","automation_id":225,"faction_loyalty_automation_id":90,"completed_at":"2026-09-12 20:26:18"} 
[2026-09-12 20:26:18] testing.INFO: Faction loyalty job picked up. {"character_id":1540,"automation_id":226,"faction_loyalty_automation_id":91,"connection":null,"queue":null} 
[2026-09-12 20:26:18] testing.INFO: Faction loyalty job records loaded. {"character_id":1540,"character_name":"Sw0hp8H6OD","automation_id":226,"faction_loyalty_automation_id":91,"character_found":true,"character_automation_found":true,"faction_loyalty_automation_found":true} 
[2026-09-12 20:26:18] testing.WARNING: Faction loyalty job bailing: character automation expired. {"character_id":1540,"character_name":"Sw0hp8H6OD","automation_id":226,"faction_loyalty_automation_id":91,"completed_at":"2026-09-12 20:26:17"} 
[2026-09-12 20:26:18] testing.INFO: Faction loyalty automation ending. {"character_id":1540,"character_name":"Sw0hp8H6OD","automation_id":226,"faction_loyalty_automation_id":91,"send_completion_messages":true,"character_automation_exists":true,"faction_loyalty_automation_exists":true} 
[2026-09-12 20:26:19] testing.INFO: Faction loyalty job picked up. {"character_id":1541,"automation_id":228,"faction_loyalty_automation_id":92,"connection":null,"queue":null} 
[2026-09-12 20:26:19] testing.INFO: Faction loyalty job records loaded. {"character_id":1541,"character_name":"LXTNGiKImK","automation_id":228,"faction_loyalty_automation_id":92,"character_found":true,"character_automation_found":true,"faction_loyalty_automation_found":true} 
[2026-09-12 20:26:19] testing.WARNING: Faction loyalty stale job skipped because a newer active automation exists. {"character_id":1541,"automation_id":228,"faction_loyalty_automation_id":92,"newer_active_automation_id":229} 
[2026-09-12 20:26:19] testing.INFO: Faction loyalty job picked up. {"character_id":1542,"automation_id":230,"faction_loyalty_automation_id":94,"connection":null,"queue":null} 
[2026-09-12 20:26:19] testing.INFO: Faction loyalty job records loaded. {"character_id":1542,"character_name":"sZshGsi5OL","automation_id":230,"faction_loyalty_automation_id":94,"character_found":true,"character_automation_found":true,"faction_loyalty_automation_found":true} 
[2026-09-12 20:26:19] testing.INFO: Faction loyalty resolving NPC. {"character_id":1542,"character_name":"sZshGsi5OL","automation_id":230,"faction_loyalty_automation_id":94} 
[2026-09-12 20:26:19] testing.INFO: Faction loyalty NPC resolved. {"character_id":1542,"character_name":"sZshGsi5OL","automation_id":230,"faction_loyalty_automation_id":94,"faction_loyalty_npc_id":308,"npc_name":"Faction Loyalty NPC 2082-1"} 
[2026-09-12 20:26:19] testing.INFO: Faction loyalty resolving next action. {"character_id":1542,"character_name":"sZshGsi5OL","automation_id":230,"faction_loyalty_automation_id":94,"faction_loyalty_npc_id":308,"npc_name":"Faction Loyalty NPC 2082-1"} 
[2026-09-12 20:26:19] testing.INFO: Faction loyalty action resolved. {"character_id":1542,"character_name":"sZshGsi5OL","automation_id":230,"faction_loyalty_automation_id":94,"faction_loyalty_npc_id":308,"npc_name":"Faction Loyalty NPC 2082-1","action_type":"craft","item_id":3690,"monster_id":null} 
[2026-09-12 20:26:19] testing.INFO: Faction loyalty crafting action started. {"character_id":1542,"character_name":"sZshGsi5OL","automation_id":230,"faction_loyalty_automation_id":94,"faction_loyalty_npc_id":308,"npc_name":"Faction Loyalty NPC 2082-1","action_type":"craft","item_id":3690} 
[2026-09-12 20:26:19] testing.ERROR: Faction loyalty automation failed. {"character_id":1542,"character_name":"sZshGsi5OL","automation_id":230,"faction_loyalty_automation_id":94,"exception_class":"Exception","exception_message":"Crafting failed.","exception_file":"/home/adam/Documents/flare/tests/Unit/Game/Automation/FactionLoyalty/Jobs/AutomatedFactionLoyaltyTest.php","exception_line":208,"trace":"#0 /home/adam/Documents/flare/vendor/mockery/mockery/library/Mockery/Expectation.php(901): Tests\\Unit\\Game\\Automation\\FactionLoyalty\\Jobs\\AutomatedFactionLoyaltyTest->{closure:Tests\\Unit\\Game\\Automation\\FactionLoyalty\\Jobs\\AutomatedFactionLoyaltyTest::test_exception_handling_does_not_alter_automation_state_when_newer_active_automation_exists():205}()
#1 /home/adam/Documents/flare/vendor/mockery/mockery/library/Mockery/Expectation.php(761): Mockery\\Expectation->_getReturnValue(Array)
#2 /home/adam/Documents/flare/vendor/mockery/mockery/library/Mockery/ExpectationDirector.php(87): Mockery\\Expectation->verifyCall(Array)
#3 /home/adam/Documents/flare/vendor/mockery/mockery/library/Mockery/Loader/EvalLoader.php(30) : eval()'d code(925): Mockery\\ExpectationDirector->call(Array)
#4 /home/adam/Documents/flare/vendor/mockery/mockery/library/Mockery/Loader/EvalLoader.php(30) : eval()'d code(1065): Mockery_77_App_Game_Automation_FactionLoyalty_Handlers_AutomatedCraftingHandler->_mockery_handleMethodCall('handle', Array)
#5 /home/adam/Documents/flare/app/Game/Automation/FactionLoyalty/Jobs/AutomatedFactionLoyalty.php(395): Mockery_77_App_Game_Automation_FactionLoyalty_Handlers_AutomatedCraftingHandler->handle()
#6 /home/adam/Documents/flare/app/Game/Automation/FactionLoyalty/Jobs/AutomatedFactionLoyalty.php(319): App\\Game\\Automation\\FactionLoyalty\\Jobs\\AutomatedFactionLoyalty->handleCraftingAction(Array, Object(Mockery_77_App_Game_Automation_FactionLoyalty_Handlers_AutomatedCraftingHandler), Object(Mockery_76_App_Game_Automation_FactionLoyalty_Loggers_FactionLoyaltyAutomationCraftingLogger), Object(App\\Game\\Automation\\FactionLoyalty\\Handlers\\AutomatedBountyFightHandler), Object(App\\Game\\Automation\\FactionLoyalty\\Loggers\\FactionLoyaltyAutomationFightLogger), Object(App\\Game\\Character\\Builders\\AttackBuilders\\CharacterCacheData))
#7 /home/adam/Documents/flare/app/Game/Automation/FactionLoyalty/Jobs/AutomatedFactionLoyalty.php(254): App\\Game\\Automation\\FactionLoyalty\\Jobs\\AutomatedFactionLoyalty->handleFactionLoyaltyAutomationAction(Array, Object(Mockery_77_App_Game_Automation_FactionLoyalty_Handlers_AutomatedCraftingHandler), Object(Mockery_76_App_Game_Automation_FactionLoyalty_Loggers_FactionLoyaltyAutomationCraftingLogger), Object(App\\Game\\Automation\\FactionLoyalty\\Handlers\\AutomatedBountyFightHandler), Object(App\\Game\\Automation\\FactionLoyalty\\Loggers\\FactionLoyaltyAutomationFightLogger), Object(App\\Game\\Character\\Builders\\AttackBuilders\\CharacterCacheData))
#8 /home/adam/Documents/flare/vendor/laravel/framework/src/Illuminate/Container/BoundMethod.php(36): App\\Game\\Automation\\FactionLoyalty\\Jobs\\AutomatedFactionLoyalty->handle(Object(App\\Game\\Character\\Builders\\AttackBuilders\\CharacterCacheData), Object(Mockery_74_App_Game_Automation_FactionLoyalty_Coordinators_FactionLoyaltyNpcTaskCoordinator), Object(Mockery_75_App_Game_Automation_FactionLoyalty_Coordinators_FactionLoyaltyAutomationActionCoordinator), Object(Mockery_77_App_Game_Automation_FactionLoyalty_Handlers_AutomatedCraftingHandler), Object(Mockery_76_App_Game_Automation_FactionLoyalty_Loggers_FactionLoyaltyAutomationCraftingLogger), Object(App\\Game\\Automation\\FactionLoyalty\\Handlers\\AutomatedBountyFightHandler), Object(App\\Game\\Automation\\FactionLoyalty\\Loggers\\FactionLoyaltyAutomationFightLogger))
#9 /home/adam/Documents/flare/vendor/laravel/framework/src/Illuminate/Container/Util.php(43): Illuminate\\Container\\BoundMethod::{closure:Illuminate\\Container\\BoundMethod::call():35}()
#10 /home/adam/Documents/flare/vendor/laravel/framework/src/Illuminate/Container/BoundMethod.php(96): Illuminate\\Container\\Util::unwrapIfClosure(Object(Closure))
#11 /home/adam/Documents/flare/vendor/laravel/framework/src/Illuminate/Container/BoundMethod.php(35): Illuminate\\Container\\BoundMethod::callBoundMethod(Object(Illuminate\\Foundation\\Application), Array, Object(Closure))
#12 /home/adam/Documents/flare/vendor/laravel/framework/src/Illuminate/Container/Container.php(801): Illuminate\\Container\\BoundMethod::call(Object(Illuminate\\Foundation\\Application), Array, Array, NULL)
#13 /home/adam/Documents/flare/vendor/laravel/framework/src/Illuminate/Bus/Dispatcher.php(136): Illuminate\\Container\\Container->call(Array)
#14 /home/adam/Documents/flare/vendor/laravel/framework/src/Illuminate/Pipeline/Pipeline.php(180): Illuminate\\Bus\\Dispatcher->{closure:Illuminate\\Bus\\Dispatcher::dispatchNow():133}(Object(App\\Game\\Automation\\FactionLoyalty\\Jobs\\AutomatedFactionLoyalty))
#15 /home/adam/Documents/flare/vendor/laravel/framework/src/Illuminate/Pipeline/Pipeline.php(137): Illuminate\\Pipeline\\Pipeline->{closure:Illuminate\\Pipeline\\Pipeline::prepareDestination():178}(Object(App\\Game\\Automation\\FactionLoyalty\\Jobs\\AutomatedFactionLoyalty))
#16 /home/adam/Documents/flare/vendor/laravel/framework/src/Illuminate/Bus/Dispatcher.php(140): Illuminate\\Pipeline\\Pipeline->then(Object(Closure))
#17 /home/adam/Documents/flare/vendor/laravel/framework/src/Illuminate/Queue/CallQueuedHandler.php(155): Illuminate\\Bus\\Dispatcher->dispatchNow(Object(App\\Game\\Automation\\FactionLoyalty\\Jobs\\AutomatedFactionLoyalty), false)
#18 /home/adam/Documents/flare/vendor/laravel/framework/src/Illuminate/Pipeline/Pipeline.php(180): Illuminate\\Queue\\CallQueuedHandler->{closure:Illuminate\\Queue\\CallQueuedHandler::dispatchThroughMiddleware():148}(Object(App\\Game\\Automation\\FactionLoyalty\\Jobs\\AutomatedFactionLoyalty))
#19 /home/adam/Documents/flare/vendor/laravel/framework/src/Illuminate/Pipeline/Pipeline.php(137): Illuminate\\Pipeline\\Pipeline->{closure:Illuminate\\Pipeline\\Pipeline::prepareDestination():178}(Object(App\\Game\\Automation\\FactionLoyalty\\Jobs\\AutomatedFactionLoyalty))
#20 /home/adam/Documents/flare/vendor/laravel/framework/src/Illuminate/Queue/CallQueuedHandler.php(148): Illuminate\\Pipeline\\Pipeline->then(Object(Closure))
#21 /home/adam/Documents/flare/vendor/laravel/framework/src/Illuminate/Queue/CallQueuedHandler.php(86): Illuminate\\Queue\\CallQueuedHandler->dispatchThroughMiddleware(Object(Illuminate\\Queue\\Jobs\\SyncJob), Object(App\\Game\\Automation\\FactionLoyalty\\Jobs\\AutomatedFactionLoyalty))
#22 /home/adam/Documents/flare/vendor/laravel/framework/src/Illuminate/Queue/Jobs/Job.php(102): Illuminate\\Queue\\CallQueuedHandler->call(Object(Illuminate\\Queue\\Jobs\\SyncJob), Array)
#23 /home/adam/Documents/flare/vendor/laravel/framework/src/Illuminate/Queue/SyncQueue.php(186): Illuminate\\Queue\\Jobs\\Job->fire()
#24 /home/adam/Documents/flare/vendor/laravel/framework/src/Illuminate/Queue/SyncQueue.php(166): Illuminate\\Queue\\SyncQueue->executeJob(Object(App\\Game\\Automation\\FactionLoyalty\\Jobs\\AutomatedFactionLoyalty), '', NULL)
#25 /home/adam/Documents/flare/vendor/laravel/framework/src/Illuminate/Bus/Dispatcher.php(298): Illuminate\\Queue\\SyncQueue->push(Object(App\\Game\\Automation\\FactionLoyalty\\Jobs\\AutomatedFactionLoyalty), '', NULL)
#26 /home/adam/Documents/flare/vendor/laravel/framework/src/Illuminate/Bus/Dispatcher.php(276): Illuminate\\Bus\\Dispatcher->pushCommandToQueue(Object(Illuminate\\Queue\\SyncQueue), Object(App\\Game\\Automation\\FactionLoyalty\\Jobs\\AutomatedFactionLoyalty))
#27 /home/adam/Documents/flare/vendor/laravel/framework/src/Illuminate/Bus/Dispatcher.php(87): Illuminate\\Bus\\Dispatcher->dispatchToQueue(Object(App\\Game\\Automation\\FactionLoyalty\\Jobs\\AutomatedFactionLoyalty))
#28 /home/adam/Documents/flare/vendor/laravel/framework/src/Illuminate/Foundation/Bus/PendingDispatch.php(308): Illuminate\\Bus\\Dispatcher->dispatch(Object(App\\Game\\Automation\\FactionLoyalty\\Jobs\\AutomatedFactionLoyalty))
#29 /home/adam/Documents/flare/vendor/laravel/framework/src/Illuminate/Foundation/Bus/Dispatchable.php(19): Illuminate\\Foundation\\Bus\\PendingDispatch->__destruct()
#30 /home/adam/Documents/flare/tests/Unit/Game/Automation/FactionLoyalty/Jobs/AutomatedFactionLoyaltyTest.php(216): App\\Game\\Automation\\FactionLoyalty\\Jobs\\AutomatedFactionLoyalty::dispatch(1542, 230, 94, 1)
#31 /home/adam/Documents/flare/vendor/phpunit/phpunit/src/Framework/TestCase.php(1461): Tests\\Unit\\Game\\Automation\\FactionLoyalty\\Jobs\\AutomatedFactionLoyaltyTest->test_exception_handling_does_not_alter_automation_state_when_newer_active_automation_exists()
#32 /home/adam/Documents/flare/vendor/phpunit/phpunit/src/Framework/TestCase.php(1475): PHPUnit\\Framework\\TestCase->invokeTestMethod('test_exception_...', Array)
#33 /home/adam/Documents/flare/vendor/phpunit/phpunit/src/Framework/TestCase.php(496): PHPUnit\\Framework\\TestCase->runTest()
#34 /home/adam/Documents/flare/vendor/phpunit/phpunit/src/Framework/TestRunner/TestRunner.php(126): PHPUnit\\Framework\\TestCase->runBare()
#35 /home/adam/Documents/flare/vendor/phpunit/phpunit/src/Framework/TestCase.php(328): PHPUnit\\Framework\\TestRunner\\TestRunner->run(Object(Tests\\Unit\\Game\\Automation\\FactionLoyalty\\Jobs\\AutomatedFactionLoyaltyTest))
#36 /home/adam/Documents/flare/vendor/phpunit/phpunit/src/Framework/TestSuite.php(627): PHPUnit\\Framework\\TestCase->run()
#37 /home/adam/Documents/flare/vendor/phpunit/phpunit/src/Framework/TestSuite.php(420): PHPUnit\\Framework\\TestSuite->runTests(Array, Object(PHPUnit\\Event\\DispatchingEmitter))
#38 /home/adam/Documents/flare/vendor/phpunit/phpunit/src/Framework/TestSuite.php(627): PHPUnit\\Framework\\TestSuite->run()
#39 /home/adam/Documents/flare/vendor/phpunit/phpunit/src/Framework/TestSuite.php(420): PHPUnit\\Framework\\TestSuite->runTests(Array, Object(PHPUnit\\Event\\DispatchingEmitter))
#40 /home/adam/Documents/flare/vendor/phpunit/phpunit/src/Framework/TestSuite.php(627): PHPUnit\\Framework\\TestSuite->run()
#41 /home/adam/Documents/flare/vendor/phpunit/phpunit/src/Framework/TestSuite.php(420): PHPUnit\\Framework\\TestSuite->runTests(Array, Object(PHPUnit\\Event\\DispatchingEmitter))
#42 /home/adam/Documents/flare/vendor/phpunit/phpunit/src/TextUI/TestRunner.php(64): PHPUnit\\Framework\\TestSuite->run()
#43 /home/adam/Documents/flare/vendor/phpunit/phpunit/src/TextUI/Application.php(255): PHPUnit\\TextUI\\TestRunner->run(Object(PHPUnit\\TextUI\\Configuration\\Configuration), Object(PHPUnit\\Runner\\TestRunHistory\\DefaultTestRunHistory), Object(PHPUnit\\Framework\\TestSuite))
#44 /home/adam/Documents/flare/vendor/pestphp/pest/src/Kernel.php(100): PHPUnit\\TextUI\\Application->run(Array)
#45 /home/adam/Documents/flare/vendor/pestphp/pest/bin/pest(207): Pest\\Kernel->handle(Array, Array)
#46 /home/adam/Documents/flare/vendor/pestphp/pest/bin/pest(215): {closure:/home/adam/Documents/flare/vendor/pestphp/pest/bin/pest:21}()
#47 /home/adam/Documents/flare/vendor/bin/pest(119): include('/home/adam/Docu...')
#48 {main}","current_phase":"resolving_action","cancellation_reason":"unexpected_exception"} 
[2026-09-12 20:26:19] testing.WARNING: Faction loyalty stale exception cleanup skipped because a newer active automation exists. {"character_id":1542,"automation_id":230,"faction_loyalty_automation_id":94,"newer_active_automation_id":231} 
[2026-09-12 20:26:20] testing.ERROR: Faction loyalty automation job failed. {"character_id":1544,"automation_id":233,"faction_loyalty_automation_id":97,"exception_class":"Exception","exception_message":"Job failed.","exception_file":"/home/adam/Documents/flare/tests/Unit/Game/Automation/FactionLoyalty/Jobs/AutomatedFactionLoyaltyTest.php","exception_line":269,"trace":"#0 /home/adam/Documents/flare/vendor/phpunit/phpunit/src/Framework/TestCase.php(1461): Tests\\Unit\\Game\\Automation\\FactionLoyalty\\Jobs\\AutomatedFactionLoyaltyTest->test_failed_cleanup_does_not_create_duplicate_warnings()
#1 /home/adam/Documents/flare/vendor/phpunit/phpunit/src/Framework/TestCase.php(1475): PHPUnit\\Framework\\TestCase->invokeTestMethod('test_failed_cle...', Array)
#2 /home/adam/Documents/flare/vendor/phpunit/phpunit/src/Framework/TestCase.php(496): PHPUnit\\Framework\\TestCase->runTest()
#3 /home/adam/Documents/flare/vendor/phpunit/phpunit/src/Framework/TestRunner/TestRunner.php(126): PHPUnit\\Framework\\TestCase->runBare()
#4 /home/adam/Documents/flare/vendor/phpunit/phpunit/src/Framework/TestCase.php(328): PHPUnit\\Framework\\TestRunner\\TestRunner->run(Object(Tests\\Unit\\Game\\Automation\\FactionLoyalty\\Jobs\\AutomatedFactionLoyaltyTest))
#5 /home/adam/Documents/flare/vendor/phpunit/phpunit/src/Framework/TestSuite.php(627): PHPUnit\\Framework\\TestCase->run()
#6 /home/adam/Documents/flare/vendor/phpunit/phpunit/src/Framework/TestSuite.php(420): PHPUnit\\Framework\\TestSuite->runTests(Array, Object(PHPUnit\\Event\\DispatchingEmitter))
#7 /home/adam/Documents/flare/vendor/phpunit/phpunit/src/Framework/TestSuite.php(627): PHPUnit\\Framework\\TestSuite->run()
#8 /home/adam/Documents/flare/vendor/phpunit/phpunit/src/Framework/TestSuite.php(420): PHPUnit\\Framework\\TestSuite->runTests(Array, Object(PHPUnit\\Event\\DispatchingEmitter))
#9 /home/adam/Documents/flare/vendor/phpunit/phpunit/src/Framework/TestSuite.php(627): PHPUnit\\Framework\\TestSuite->run()
#10 /home/adam/Documents/flare/vendor/phpunit/phpunit/src/Framework/TestSuite.php(420): PHPUnit\\Framework\\TestSuite->runTests(Array, Object(PHPUnit\\Event\\DispatchingEmitter))
#11 /home/adam/Documents/flare/vendor/phpunit/phpunit/src/TextUI/TestRunner.php(64): PHPUnit\\Framework\\TestSuite->run()
#12 /home/adam/Documents/flare/vendor/phpunit/phpunit/src/TextUI/Application.php(255): PHPUnit\\TextUI\\TestRunner->run(Object(PHPUnit\\TextUI\\Configuration\\Configuration), Object(PHPUnit\\Runner\\TestRunHistory\\DefaultTestRunHistory), Object(PHPUnit\\Framework\\TestSuite))
#13 /home/adam/Documents/flare/vendor/pestphp/pest/src/Kernel.php(100): PHPUnit\\TextUI\\Application->run(Array)
#14 /home/adam/Documents/flare/vendor/pestphp/pest/bin/pest(207): Pest\\Kernel->handle(Array, Array)
#15 /home/adam/Documents/flare/vendor/pestphp/pest/bin/pest(215): {closure:/home/adam/Documents/flare/vendor/pestphp/pest/bin/pest:21}()
#16 /home/adam/Documents/flare/vendor/bin/pest(119): include('/home/adam/Docu...')
#17 {main}","current_phase":"initializing","cancellation_reason":"queue_job_failed"} 
[2026-09-12 20:26:20] testing.ERROR: Faction loyalty automation job failed. {"character_id":1544,"automation_id":233,"faction_loyalty_automation_id":97,"exception_class":"Exception","exception_message":"Job failed again.","exception_file":"/home/adam/Documents/flare/tests/Unit/Game/Automation/FactionLoyalty/Jobs/AutomatedFactionLoyaltyTest.php","exception_line":270,"trace":"#0 /home/adam/Documents/flare/vendor/phpunit/phpunit/src/Framework/TestCase.php(1461): Tests\\Unit\\Game\\Automation\\FactionLoyalty\\Jobs\\AutomatedFactionLoyaltyTest->test_failed_cleanup_does_not_create_duplicate_warnings()
#1 /home/adam/Documents/flare/vendor/phpunit/phpunit/src/Framework/TestCase.php(1475): PHPUnit\\Framework\\TestCase->invokeTestMethod('test_failed_cle...', Array)
#2 /home/adam/Documents/flare/vendor/phpunit/phpunit/src/Framework/TestCase.php(496): PHPUnit\\Framework\\TestCase->runTest()
#3 /home/adam/Documents/flare/vendor/phpunit/phpunit/src/Framework/TestRunner/TestRunner.php(126): PHPUnit\\Framework\\TestCase->runBare()
#4 /home/adam/Documents/flare/vendor/phpunit/phpunit/src/Framework/TestCase.php(328): PHPUnit\\Framework\\TestRunner\\TestRunner->run(Object(Tests\\Unit\\Game\\Automation\\FactionLoyalty\\Jobs\\AutomatedFactionLoyaltyTest))
#5 /home/adam/Documents/flare/vendor/phpunit/phpunit/src/Framework/TestSuite.php(627): PHPUnit\\Framework\\TestCase->run()
#6 /home/adam/Documents/flare/vendor/phpunit/phpunit/src/Framework/TestSuite.php(420): PHPUnit\\Framework\\TestSuite->runTests(Array, Object(PHPUnit\\Event\\DispatchingEmitter))
#7 /home/adam/Documents/flare/vendor/phpunit/phpunit/src/Framework/TestSuite.php(627): PHPUnit\\Framework\\TestSuite->run()
#8 /home/adam/Documents/flare/vendor/phpunit/phpunit/src/Framework/TestSuite.php(420): PHPUnit\\Framework\\TestSuite->runTests(Array, Object(PHPUnit\\Event\\DispatchingEmitter))
#9 /home/adam/Documents/flare/vendor/phpunit/phpunit/src/Framework/TestSuite.php(627): PHPUnit\\Framework\\TestSuite->run()
#10 /home/adam/Documents/flare/vendor/phpunit/phpunit/src/Framework/TestSuite.php(420): PHPUnit\\Framework\\TestSuite->runTests(Array, Object(PHPUnit\\Event\\DispatchingEmitter))
#11 /home/adam/Documents/flare/vendor/phpunit/phpunit/src/TextUI/TestRunner.php(64): PHPUnit\\Framework\\TestSuite->run()
#12 /home/adam/Documents/flare/vendor/phpunit/phpunit/src/TextUI/Application.php(255): PHPUnit\\TextUI\\TestRunner->run(Object(PHPUnit\\TextUI\\Configuration\\Configuration), Object(PHPUnit\\Runner\\TestRunHistory\\DefaultTestRunHistory), Object(PHPUnit\\Framework\\TestSuite))
#13 /home/adam/Documents/flare/vendor/pestphp/pest/src/Kernel.php(100): PHPUnit\\TextUI\\Application->run(Array)
#14 /home/adam/Documents/flare/vendor/pestphp/pest/bin/pest(207): Pest\\Kernel->handle(Array, Array)
#15 /home/adam/Documents/flare/vendor/pestphp/pest/bin/pest(215): {closure:/home/adam/Documents/flare/vendor/pestphp/pest/bin/pest:21}()
#16 /home/adam/Documents/flare/vendor/bin/pest(119): include('/home/adam/Docu...')
#17 {main}","current_phase":"initializing","cancellation_reason":"queue_job_failed"} 
[2026-09-12 20:26:20] testing.ERROR: Faction loyalty automation job failed. {"character_id":1545,"automation_id":234,"faction_loyalty_automation_id":98,"exception_class":"Exception","exception_message":"Job failed.","exception_file":"/home/adam/Documents/flare/tests/Unit/Game/Automation/FactionLoyalty/Jobs/AutomatedFactionLoyaltyTest.php","exception_line":303,"trace":"#0 /home/adam/Documents/flare/vendor/phpunit/phpunit/src/Framework/TestCase.php(1461): Tests\\Unit\\Game\\Automation\\FactionLoyalty\\Jobs\\AutomatedFactionLoyaltyTest->test_failed_does_not_alter_newer_active_automation()
#1 /home/adam/Documents/flare/vendor/phpunit/phpunit/src/Framework/TestCase.php(1475): PHPUnit\\Framework\\TestCase->invokeTestMethod('test_failed_doe...', Array)
#2 /home/adam/Documents/flare/vendor/phpunit/phpunit/src/Framework/TestCase.php(496): PHPUnit\\Framework\\TestCase->runTest()
#3 /home/adam/Documents/flare/vendor/phpunit/phpunit/src/Framework/TestRunner/TestRunner.php(126): PHPUnit\\Framework\\TestCase->runBare()
#4 /home/adam/Documents/flare/vendor/phpunit/phpunit/src/Framework/TestCase.php(328): PHPUnit\\Framework\\TestRunner\\TestRunner->run(Object(Tests\\Unit\\Game\\Automation\\FactionLoyalty\\Jobs\\AutomatedFactionLoyaltyTest))
#5 /home/adam/Documents/flare/vendor/phpunit/phpunit/src/Framework/TestSuite.php(627): PHPUnit\\Framework\\TestCase->run()
#6 /home/adam/Documents/flare/vendor/phpunit/phpunit/src/Framework/TestSuite.php(420): PHPUnit\\Framework\\TestSuite->runTests(Array, Object(PHPUnit\\Event\\DispatchingEmitter))
#7 /home/adam/Documents/flare/vendor/phpunit/phpunit/src/Framework/TestSuite.php(627): PHPUnit\\Framework\\TestSuite->run()
#8 /home/adam/Documents/flare/vendor/phpunit/phpunit/src/Framework/TestSuite.php(420): PHPUnit\\Framework\\TestSuite->runTests(Array, Object(PHPUnit\\Event\\DispatchingEmitter))
#9 /home/adam/Documents/flare/vendor/phpunit/phpunit/src/Framework/TestSuite.php(627): PHPUnit\\Framework\\TestSuite->run()
#10 /home/adam/Documents/flare/vendor/phpunit/phpunit/src/Framework/TestSuite.php(420): PHPUnit\\Framework\\TestSuite->runTests(Array, Object(PHPUnit\\Event\\DispatchingEmitter))
#11 /home/adam/Documents/flare/vendor/phpunit/phpunit/src/TextUI/TestRunner.php(64): PHPUnit\\Framework\\TestSuite->run()
#12 /home/adam/Documents/flare/vendor/phpunit/phpunit/src/TextUI/Application.php(255): PHPUnit\\TextUI\\TestRunner->run(Object(PHPUnit\\TextUI\\Configuration\\Configuration), Object(PHPUnit\\Runner\\TestRunHistory\\DefaultTestRunHistory), Object(PHPUnit\\Framework\\TestSuite))
#13 /home/adam/Documents/flare/vendor/pestphp/pest/src/Kernel.php(100): PHPUnit\\TextUI\\Application->run(Array)
#14 /home/adam/Documents/flare/vendor/pestphp/pest/bin/pest(207): Pest\\Kernel->handle(Array, Array)
#15 /home/adam/Documents/flare/vendor/pestphp/pest/bin/pest(215): {closure:/home/adam/Documents/flare/vendor/pestphp/pest/bin/pest:21}()
#16 /home/adam/Documents/flare/vendor/bin/pest(119): include('/home/adam/Docu...')
#17 {main}","current_phase":"initializing","cancellation_reason":"queue_job_failed"} 
[2026-09-12 20:26:20] testing.WARNING: Faction loyalty stale failed-job cleanup skipped because a newer active automation exists. {"character_id":1545,"automation_id":234,"faction_loyalty_automation_id":98,"exception_class":"Exception","exception_message":"Job failed.","exception_file":"/home/adam/Documents/flare/tests/Unit/Game/Automation/FactionLoyalty/Jobs/AutomatedFactionLoyaltyTest.php","exception_line":303,"trace":"#0 /home/adam/Documents/flare/vendor/phpunit/phpunit/src/Framework/TestCase.php(1461): Tests\\Unit\\Game\\Automation\\FactionLoyalty\\Jobs\\AutomatedFactionLoyaltyTest->test_failed_does_not_alter_newer_active_automation()
#1 /home/adam/Documents/flare/vendor/phpunit/phpunit/src/Framework/TestCase.php(1475): PHPUnit\\Framework\\TestCase->invokeTestMethod('test_failed_doe...', Array)
#2 /home/adam/Documents/flare/vendor/phpunit/phpunit/src/Framework/TestCase.php(496): PHPUnit\\Framework\\TestCase->runTest()
#3 /home/adam/Documents/flare/vendor/phpunit/phpunit/src/Framework/TestRunner/TestRunner.php(126): PHPUnit\\Framework\\TestCase->runBare()
#4 /home/adam/Documents/flare/vendor/phpunit/phpunit/src/Framework/TestCase.php(328): PHPUnit\\Framework\\TestRunner\\TestRunner->run(Object(Tests\\Unit\\Game\\Automation\\FactionLoyalty\\Jobs\\AutomatedFactionLoyaltyTest))
#5 /home/adam/Documents/flare/vendor/phpunit/phpunit/src/Framework/TestSuite.php(627): PHPUnit\\Framework\\TestCase->run()
#6 /home/adam/Documents/flare/vendor/phpunit/phpunit/src/Framework/TestSuite.php(420): PHPUnit\\Framework\\TestSuite->runTests(Array, Object(PHPUnit\\Event\\DispatchingEmitter))
#7 /home/adam/Documents/flare/vendor/phpunit/phpunit/src/Framework/TestSuite.php(627): PHPUnit\\Framework\\TestSuite->run()
#8 /home/adam/Documents/flare/vendor/phpunit/phpunit/src/Framework/TestSuite.php(420): PHPUnit\\Framework\\TestSuite->runTests(Array, Object(PHPUnit\\Event\\DispatchingEmitter))
#9 /home/adam/Documents/flare/vendor/phpunit/phpunit/src/Framework/TestSuite.php(627): PHPUnit\\Framework\\TestSuite->run()
#10 /home/adam/Documents/flare/vendor/phpunit/phpunit/src/Framework/TestSuite.php(420): PHPUnit\\Framework\\TestSuite->runTests(Array, Object(PHPUnit\\Event\\DispatchingEmitter))
#11 /home/adam/Documents/flare/vendor/phpunit/phpunit/src/TextUI/TestRunner.php(64): PHPUnit\\Framework\\TestSuite->run()
#12 /home/adam/Documents/flare/vendor/phpunit/phpunit/src/TextUI/Application.php(255): PHPUnit\\TextUI\\TestRunner->run(Object(PHPUnit\\TextUI\\Configuration\\Configuration), Object(PHPUnit\\Runner\\TestRunHistory\\DefaultTestRunHistory), Object(PHPUnit\\Framework\\TestSuite))
#13 /home/adam/Documents/flare/vendor/pestphp/pest/src/Kernel.php(100): PHPUnit\\TextUI\\Application->run(Array)
#14 /home/adam/Documents/flare/vendor/pestphp/pest/bin/pest(207): Pest\\Kernel->handle(Array, Array)
#15 /home/adam/Documents/flare/vendor/pestphp/pest/bin/pest(215): {closure:/home/adam/Documents/flare/vendor/pestphp/pest/bin/pest:21}()
#16 /home/adam/Documents/flare/vendor/bin/pest(119): include('/home/adam/Docu...')
#17 {main}","current_phase":"initializing","cancellation_reason":"queue_job_failed","newer_active_automation_id":235} 
[2026-09-12 20:26:21] testing.INFO: Faction loyalty job picked up. {"character_id":999999,"automation_id":1,"faction_loyalty_automation_id":1,"connection":null,"queue":null} 
[2026-09-12 20:26:21] testing.INFO: Faction loyalty job records loaded. {"character_id":999999,"character_name":null,"automation_id":1,"faction_loyalty_automation_id":1,"character_found":false,"character_automation_found":false,"faction_loyalty_automation_found":false} 
[2026-09-12 20:26:21] testing.WARNING: Faction loyalty job bailing: character not found. {"character_id":999999,"automation_id":1,"faction_loyalty_automation_id":1} 
[2026-09-12 20:26:21] testing.INFO: Faction loyalty job picked up. {"character_id":1547,"automation_id":238,"faction_loyalty_automation_id":102,"connection":null,"queue":null} 
[2026-09-12 20:26:21] testing.INFO: Faction loyalty job records loaded. {"character_id":1547,"character_name":"3R4qmZ9hnm","automation_id":238,"faction_loyalty_automation_id":102,"character_found":true,"character_automation_found":true,"faction_loyalty_automation_found":true} 
[2026-09-12 20:26:21] testing.INFO: Faction loyalty resolving NPC. {"character_id":1547,"character_name":"3R4qmZ9hnm","automation_id":238,"faction_loyalty_automation_id":102} 
[2026-09-12 20:26:21] testing.WARNING: Faction loyalty NPC could not be resolved. Automation ending. {"character_id":1547,"character_name":"3R4qmZ9hnm","automation_id":238,"faction_loyalty_automation_id":102} 
[2026-09-12 20:26:21] testing.INFO: Faction loyalty automation ending. {"character_id":1547,"character_name":"3R4qmZ9hnm","automation_id":238,"faction_loyalty_automation_id":102,"send_completion_messages":false,"character_automation_exists":true,"faction_loyalty_automation_exists":true} 
[2026-09-12 20:26:22] testing.INFO: Faction loyalty job picked up. {"character_id":1548,"automation_id":239,"faction_loyalty_automation_id":103,"connection":null,"queue":null} 
[2026-09-12 20:26:22] testing.INFO: Faction loyalty job records loaded. {"character_id":1548,"character_name":"nLUOQ2mx50","automation_id":239,"faction_loyalty_automation_id":103,"character_found":true,"character_automation_found":true,"faction_loyalty_automation_found":true} 
[2026-09-12 20:26:22] testing.INFO: Faction loyalty resolving NPC. {"character_id":1548,"character_name":"nLUOQ2mx50","automation_id":239,"faction_loyalty_automation_id":103} 
[2026-09-12 20:26:22] testing.WARNING: Faction loyalty NPC could not be resolved. Automation ending. {"character_id":1548,"character_name":"nLUOQ2mx50","automation_id":239,"faction_loyalty_automation_id":103} 
[2026-09-12 20:26:22] testing.WARNING: Faction loyalty stale automation cleanup skipped because a newer active automation exists. {"character_id":1548,"automation_id":239,"faction_loyalty_automation_id":103,"newer_active_automation_id":240} 
[2026-09-12 20:26:22] testing.INFO: Faction loyalty job picked up. {"character_id":1549,"automation_id":241,"faction_loyalty_automation_id":105,"connection":null,"queue":null} 
[2026-09-12 20:26:22] testing.INFO: Faction loyalty job records loaded. {"character_id":1549,"character_name":"oLj3panlcY","automation_id":241,"faction_loyalty_automation_id":105,"character_found":true,"character_automation_found":true,"faction_loyalty_automation_found":true} 
[2026-09-12 20:26:22] testing.INFO: Faction loyalty resolving NPC. {"character_id":1549,"character_name":"oLj3panlcY","automation_id":241,"faction_loyalty_automation_id":105} 
[2026-09-12 20:26:22] testing.WARNING: Faction loyalty NPC could not be resolved. Automation ending. {"character_id":1549,"character_name":"oLj3panlcY","automation_id":241,"faction_loyalty_automation_id":105} 
[2026-09-12 20:26:22] testing.INFO: Faction loyalty automation ending. {"character_id":1549,"character_name":"oLj3panlcY","automation_id":241,"faction_loyalty_automation_id":105,"send_completion_messages":false,"character_automation_exists":true,"faction_loyalty_automation_exists":true} 
[2026-09-12 20:26:22] testing.INFO: Faction loyalty job picked up. {"character_id":1550,"automation_id":242,"faction_loyalty_automation_id":106,"connection":null,"queue":null} 
[2026-09-12 20:26:22] testing.INFO: Faction loyalty job records loaded. {"character_id":1550,"character_name":"rvu6scKikA","automation_id":242,"faction_loyalty_automation_id":106,"character_found":true,"character_automation_found":true,"faction_loyalty_automation_found":true} 
[2026-09-12 20:26:22] testing.INFO: Faction loyalty resolving NPC. {"character_id":1550,"character_name":"rvu6scKikA","automation_id":242,"faction_loyalty_automation_id":106} 
[2026-09-12 20:26:22] testing.INFO: Faction loyalty NPC resolved. {"character_id":1550,"character_name":"rvu6scKikA","automation_id":242,"faction_loyalty_automation_id":106,"faction_loyalty_npc_id":326,"npc_name":"Faction Loyalty NPC 2090-1"} 
[2026-09-12 20:26:22] testing.INFO: Faction loyalty resolving next action. {"character_id":1550,"character_name":"rvu6scKikA","automation_id":242,"faction_loyalty_automation_id":106,"faction_loyalty_npc_id":326,"npc_name":"Faction Loyalty NPC 2090-1"} 
[2026-09-12 20:26:22] testing.WARNING: Faction loyalty action could not be resolved. Automation ending. {"character_id":1550,"character_name":"rvu6scKikA","automation_id":242,"faction_loyalty_automation_id":106,"faction_loyalty_npc_id":326,"npc_name":"Faction Loyalty NPC 2090-1"} 
[2026-09-12 20:26:22] testing.INFO: Faction loyalty automation ending. {"character_id":1550,"character_name":"rvu6scKikA","automation_id":242,"faction_loyalty_automation_id":106,"send_completion_messages":false,"character_automation_exists":true,"faction_loyalty_automation_exists":true} 
[2026-09-12 20:26:23] testing.INFO: Faction loyalty job picked up. {"character_id":1551,"automation_id":243,"faction_loyalty_automation_id":107,"connection":null,"queue":null} 
[2026-09-12 20:26:23] testing.INFO: Faction loyalty job records loaded. {"character_id":1551,"character_name":"XNi0OiUj1X","automation_id":243,"faction_loyalty_automation_id":107,"character_found":true,"character_automation_found":true,"faction_loyalty_automation_found":true} 
[2026-09-12 20:26:23] testing.INFO: Faction loyalty resolving NPC. {"character_id":1551,"character_name":"XNi0OiUj1X","automation_id":243,"faction_loyalty_automation_id":107} 
[2026-09-12 20:26:23] testing.INFO: Faction loyalty NPC resolved. {"character_id":1551,"character_name":"XNi0OiUj1X","automation_id":243,"faction_loyalty_automation_id":107,"faction_loyalty_npc_id":327,"npc_name":"Faction Loyalty NPC 2091-1"} 
[2026-09-12 20:26:23] testing.INFO: Faction loyalty resolving next action. {"character_id":1551,"character_name":"XNi0OiUj1X","automation_id":243,"faction_loyalty_automation_id":107,"faction_loyalty_npc_id":327,"npc_name":"Faction Loyalty NPC 2091-1"} 
[2026-09-12 20:26:23] testing.INFO: Faction loyalty action resolved. {"character_id":1551,"character_name":"XNi0OiUj1X","automation_id":243,"faction_loyalty_automation_id":107,"faction_loyalty_npc_id":327,"npc_name":"Faction Loyalty NPC 2091-1","action_type":"unknown","item_id":null,"monster_id":null} 
[2026-09-12 20:26:23] testing.INFO: Faction loyalty automation ending. {"character_id":1551,"character_name":"XNi0OiUj1X","automation_id":243,"faction_loyalty_automation_id":107,"send_completion_messages":false,"character_automation_exists":true,"faction_loyalty_automation_exists":true} 
[2026-09-12 20:26:23] testing.INFO: Faction loyalty job picked up. {"character_id":1552,"automation_id":244,"faction_loyalty_automation_id":108,"connection":null,"queue":null} 
[2026-09-12 20:26:23] testing.INFO: Faction loyalty job records loaded. {"character_id":1552,"character_name":"Co3PjxgBm4","automation_id":244,"faction_loyalty_automation_id":108,"character_found":true,"character_automation_found":true,"faction_loyalty_automation_found":true} 
[2026-09-12 20:26:23] testing.INFO: Faction loyalty resolving NPC. {"character_id":1552,"character_name":"Co3PjxgBm4","automation_id":244,"faction_loyalty_automation_id":108} 
[2026-09-12 20:26:23] testing.INFO: Faction loyalty NPC resolved. {"character_id":1552,"character_name":"Co3PjxgBm4","automation_id":244,"faction_loyalty_automation_id":108,"faction_loyalty_npc_id":328,"npc_name":"Faction Loyalty NPC 2092-1"} 
[2026-09-12 20:26:23] testing.INFO: Faction loyalty resolving next action. {"character_id":1552,"character_name":"Co3PjxgBm4","automation_id":244,"faction_loyalty_automation_id":108,"faction_loyalty_npc_id":328,"npc_name":"Faction Loyalty NPC 2092-1"} 
[2026-09-12 20:26:23] testing.INFO: Faction loyalty action resolved. {"character_id":1552,"character_name":"Co3PjxgBm4","automation_id":244,"faction_loyalty_automation_id":108,"faction_loyalty_npc_id":328,"npc_name":"Faction Loyalty NPC 2092-1","action_type":"craft","item_id":null,"monster_id":null} 
[2026-09-12 20:26:23] testing.INFO: Faction loyalty automation ending. {"character_id":1552,"character_name":"Co3PjxgBm4","automation_id":244,"faction_loyalty_automation_id":108,"send_completion_messages":false,"character_automation_exists":true,"faction_loyalty_automation_exists":true} 
[2026-09-12 20:26:24] testing.INFO: Faction loyalty job picked up. {"character_id":1553,"automation_id":245,"faction_loyalty_automation_id":109,"connection":null,"queue":null} 
[2026-09-12 20:26:24] testing.INFO: Faction loyalty job records loaded. {"character_id":1553,"character_name":"tbkw6fK814","automation_id":245,"faction_loyalty_automation_id":109,"character_found":true,"character_automation_found":true,"faction_loyalty_automation_found":true} 
[2026-09-12 20:26:24] testing.INFO: Faction loyalty resolving NPC. {"character_id":1553,"character_name":"tbkw6fK814","automation_id":245,"faction_loyalty_automation_id":109} 
[2026-09-12 20:26:24] testing.INFO: Faction loyalty NPC resolved. {"character_id":1553,"character_name":"tbkw6fK814","automation_id":245,"faction_loyalty_automation_id":109,"faction_loyalty_npc_id":329,"npc_name":"Faction Loyalty NPC 2093-1"} 
[2026-09-12 20:26:24] testing.INFO: Faction loyalty resolving next action. {"character_id":1553,"character_name":"tbkw6fK814","automation_id":245,"faction_loyalty_automation_id":109,"faction_loyalty_npc_id":329,"npc_name":"Faction Loyalty NPC 2093-1"} 
[2026-09-12 20:26:24] testing.INFO: Faction loyalty action resolved. {"character_id":1553,"character_name":"tbkw6fK814","automation_id":245,"faction_loyalty_automation_id":109,"faction_loyalty_npc_id":329,"npc_name":"Faction Loyalty NPC 2093-1","action_type":"fight","item_id":null,"monster_id":null} 
[2026-09-12 20:26:24] testing.INFO: Faction loyalty automation ending. {"character_id":1553,"character_name":"tbkw6fK814","automation_id":245,"faction_loyalty_automation_id":109,"send_completion_messages":false,"character_automation_exists":true,"faction_loyalty_automation_exists":true} 
[2026-09-12 20:26:24] testing.INFO: Faction loyalty job picked up. {"character_id":1554,"automation_id":246,"faction_loyalty_automation_id":110,"connection":null,"queue":null} 
[2026-09-12 20:26:24] testing.INFO: Faction loyalty job records loaded. {"character_id":1554,"character_name":"hfGgJrw6uq","automation_id":246,"faction_loyalty_automation_id":110,"character_found":true,"character_automation_found":true,"faction_loyalty_automation_found":true} 
[2026-09-12 20:26:24] testing.INFO: Faction loyalty resolving NPC. {"character_id":1554,"character_name":"hfGgJrw6uq","automation_id":246,"faction_loyalty_automation_id":110} 
[2026-09-12 20:26:24] testing.INFO: Faction loyalty NPC resolved. {"character_id":1554,"character_name":"hfGgJrw6uq","automation_id":246,"faction_loyalty_automation_id":110,"faction_loyalty_npc_id":330,"npc_name":"Faction Loyalty NPC 2094-1"} 
[2026-09-12 20:26:24] testing.INFO: Faction loyalty resolving next action. {"character_id":1554,"character_name":"hfGgJrw6uq","automation_id":246,"faction_loyalty_automation_id":110,"faction_loyalty_npc_id":330,"npc_name":"Faction Loyalty NPC 2094-1"} 
[2026-09-12 20:26:24] testing.INFO: Faction loyalty action resolved. {"character_id":1554,"character_name":"hfGgJrw6uq","automation_id":246,"faction_loyalty_automation_id":110,"faction_loyalty_npc_id":330,"npc_name":"Faction Loyalty NPC 2094-1","action_type":"craft","item_id":3900,"monster_id":null} 
[2026-09-12 20:26:24] testing.INFO: Faction loyalty crafting action started. {"character_id":1554,"character_name":"hfGgJrw6uq","automation_id":246,"faction_loyalty_automation_id":110,"faction_loyalty_npc_id":330,"npc_name":"Faction Loyalty NPC 2094-1","action_type":"craft","item_id":3900} 
[2026-09-12 20:26:24] testing.INFO: Faction loyalty crafting action completed. {"character_id":1554,"character_name":"hfGgJrw6uq","automation_id":246,"faction_loyalty_automation_id":110,"faction_loyalty_npc_id":330,"npc_name":"Faction Loyalty NPC 2094-1","action_type":"craft","result_type":"crafted_target_item","item_id":3900} 
[2026-09-12 20:26:24] testing.INFO: Faction loyalty recall dispatch requested. {"character_id":1554,"character_name":"hfGgJrw6uq","automation_id":246,"faction_loyalty_automation_id":110,"connection":"long_running","queue":"faction_loyalty","delay_seconds":179.99267} 
[2026-09-12 20:26:24] testing.INFO: Faction loyalty recall dispatch completed. {"character_id":1554,"character_name":"hfGgJrw6uq","automation_id":246,"faction_loyalty_automation_id":110,"connection":"long_running","queue":"faction_loyalty","delay_seconds":179.99267} 
[2026-09-12 20:26:25] testing.INFO: Faction loyalty job picked up. {"character_id":1555,"automation_id":247,"faction_loyalty_automation_id":111,"connection":null,"queue":null} 
[2026-09-12 20:26:25] testing.INFO: Faction loyalty job records loaded. {"character_id":1555,"character_name":"El5TtoOcH0","automation_id":247,"faction_loyalty_automation_id":111,"character_found":true,"character_automation_found":true,"faction_loyalty_automation_found":true} 
[2026-09-12 20:26:25] testing.INFO: Faction loyalty resolving NPC. {"character_id":1555,"character_name":"El5TtoOcH0","automation_id":247,"faction_loyalty_automation_id":111} 
[2026-09-12 20:26:25] testing.INFO: Faction loyalty NPC resolved. {"character_id":1555,"character_name":"El5TtoOcH0","automation_id":247,"faction_loyalty_automation_id":111,"faction_loyalty_npc_id":331,"npc_name":"Faction Loyalty NPC 2095-1"} 
[2026-09-12 20:26:25] testing.INFO: Faction loyalty resolving next action. {"character_id":1555,"character_name":"El5TtoOcH0","automation_id":247,"faction_loyalty_automation_id":111,"faction_loyalty_npc_id":331,"npc_name":"Faction Loyalty NPC 2095-1"} 
[2026-09-12 20:26:25] testing.INFO: Faction loyalty action resolved. {"character_id":1555,"character_name":"El5TtoOcH0","automation_id":247,"faction_loyalty_automation_id":111,"faction_loyalty_npc_id":331,"npc_name":"Faction Loyalty NPC 2095-1","action_type":"craft","item_id":3915,"monster_id":null} 
[2026-09-12 20:26:25] testing.INFO: Faction loyalty crafting action started. {"character_id":1555,"character_name":"El5TtoOcH0","automation_id":247,"faction_loyalty_automation_id":111,"faction_loyalty_npc_id":331,"npc_name":"Faction Loyalty NPC 2095-1","action_type":"craft","item_id":3915} 
[2026-09-12 20:26:25] testing.INFO: Faction loyalty crafting action completed. {"character_id":1555,"character_name":"El5TtoOcH0","automation_id":247,"faction_loyalty_automation_id":111,"faction_loyalty_npc_id":331,"npc_name":"Faction Loyalty NPC 2095-1","action_type":"craft","result_type":"crafted_training_item","item_id":3915} 
[2026-09-12 20:26:25] testing.INFO: Faction loyalty recall dispatch requested. {"character_id":1555,"character_name":"El5TtoOcH0","automation_id":247,"faction_loyalty_automation_id":111,"connection":"long_running","queue":"faction_loyalty","delay_seconds":179.991914} 
[2026-09-12 20:26:25] testing.INFO: Faction loyalty recall dispatch completed. {"character_id":1555,"character_name":"El5TtoOcH0","automation_id":247,"faction_loyalty_automation_id":111,"connection":"long_running","queue":"faction_loyalty","delay_seconds":179.991914} 
[2026-09-12 20:26:25] testing.INFO: Faction loyalty job picked up. {"character_id":1556,"automation_id":248,"faction_loyalty_automation_id":112,"connection":null,"queue":null} 
[2026-09-12 20:26:25] testing.INFO: Faction loyalty job records loaded. {"character_id":1556,"character_name":"WlkYhjqW20","automation_id":248,"faction_loyalty_automation_id":112,"character_found":true,"character_automation_found":true,"faction_loyalty_automation_found":true} 
[2026-09-12 20:26:25] testing.INFO: Faction loyalty resolving NPC. {"character_id":1556,"character_name":"WlkYhjqW20","automation_id":248,"faction_loyalty_automation_id":112} 
[2026-09-12 20:26:25] testing.INFO: Faction loyalty NPC resolved. {"character_id":1556,"character_name":"WlkYhjqW20","automation_id":248,"faction_loyalty_automation_id":112,"faction_loyalty_npc_id":332,"npc_name":"Faction Loyalty NPC 2096-1"} 
[2026-09-12 20:26:25] testing.INFO: Faction loyalty resolving next action. {"character_id":1556,"character_name":"WlkYhjqW20","automation_id":248,"faction_loyalty_automation_id":112,"faction_loyalty_npc_id":332,"npc_name":"Faction Loyalty NPC 2096-1"} 
[2026-09-12 20:26:25] testing.INFO: Faction loyalty action resolved. {"character_id":1556,"character_name":"WlkYhjqW20","automation_id":248,"faction_loyalty_automation_id":112,"faction_loyalty_npc_id":332,"npc_name":"Faction Loyalty NPC 2096-1","action_type":"craft","item_id":3930,"monster_id":null} 
[2026-09-12 20:26:25] testing.INFO: Faction loyalty crafting action started. {"character_id":1556,"character_name":"WlkYhjqW20","automation_id":248,"faction_loyalty_automation_id":112,"faction_loyalty_npc_id":332,"npc_name":"Faction Loyalty NPC 2096-1","action_type":"craft","item_id":3930} 
[2026-09-12 20:26:25] testing.INFO: Faction loyalty crafting action completed. {"character_id":1556,"character_name":"WlkYhjqW20","automation_id":248,"faction_loyalty_automation_id":112,"faction_loyalty_npc_id":332,"npc_name":"Faction Loyalty NPC 2096-1","action_type":"craft","result_type":"max_attempts_reached","item_id":3930} 
[2026-09-12 20:26:25] testing.INFO: Faction loyalty recall dispatch requested. {"character_id":1556,"character_name":"WlkYhjqW20","automation_id":248,"faction_loyalty_automation_id":112,"connection":"long_running","queue":"faction_loyalty","delay_seconds":179.994675} 
[2026-09-12 20:26:25] testing.INFO: Faction loyalty recall dispatch completed. {"character_id":1556,"character_name":"WlkYhjqW20","automation_id":248,"faction_loyalty_automation_id":112,"connection":"long_running","queue":"faction_loyalty","delay_seconds":179.994675} 
[2026-09-12 20:26:25] testing.INFO: Faction loyalty job picked up. {"character_id":1557,"automation_id":249,"faction_loyalty_automation_id":113,"connection":null,"queue":null} 
[2026-09-12 20:26:25] testing.INFO: Faction loyalty job records loaded. {"character_id":1557,"character_name":"jCs1QtNySF","automation_id":249,"faction_loyalty_automation_id":113,"character_found":true,"character_automation_found":true,"faction_loyalty_automation_found":true} 
[2026-09-12 20:26:25] testing.INFO: Faction loyalty resolving NPC. {"character_id":1557,"character_name":"jCs1QtNySF","automation_id":249,"faction_loyalty_automation_id":113} 
[2026-09-12 20:26:25] testing.INFO: Faction loyalty NPC resolved. {"character_id":1557,"character_name":"jCs1QtNySF","automation_id":249,"faction_loyalty_automation_id":113,"faction_loyalty_npc_id":333,"npc_name":"Faction Loyalty NPC 2097-1"} 
[2026-09-12 20:26:25] testing.INFO: Faction loyalty resolving next action. {"character_id":1557,"character_name":"jCs1QtNySF","automation_id":249,"faction_loyalty_automation_id":113,"faction_loyalty_npc_id":333,"npc_name":"Faction Loyalty NPC 2097-1"} 
[2026-09-12 20:26:25] testing.INFO: Faction loyalty action resolved. {"character_id":1557,"character_name":"jCs1QtNySF","automation_id":249,"faction_loyalty_automation_id":113,"faction_loyalty_npc_id":333,"npc_name":"Faction Loyalty NPC 2097-1","action_type":"craft","item_id":3945,"monster_id":null} 
[2026-09-12 20:26:25] testing.INFO: Faction loyalty crafting action started. {"character_id":1557,"character_name":"jCs1QtNySF","automation_id":249,"faction_loyalty_automation_id":113,"faction_loyalty_npc_id":333,"npc_name":"Faction Loyalty NPC 2097-1","action_type":"craft","item_id":3945} 
[2026-09-12 20:26:25] testing.INFO: Faction loyalty crafting action completed. {"character_id":1557,"character_name":"jCs1QtNySF","automation_id":249,"faction_loyalty_automation_id":113,"faction_loyalty_npc_id":333,"npc_name":"Faction Loyalty NPC 2097-1","action_type":"craft","result_type":"not_enough_gold","item_id":3945} 
[2026-09-12 20:26:25] testing.INFO: Faction loyalty bounty action started. {"character_id":1557,"character_name":"jCs1QtNySF","automation_id":249,"faction_loyalty_automation_id":113,"faction_loyalty_npc_id":333,"npc_name":"Faction Loyalty NPC 2097-1","action_type":"fight","monster_id":1675,"attack_type":"attack"} 
[2026-09-12 20:26:25] testing.INFO: Faction loyalty bounty action completed. {"character_id":1557,"character_name":"jCs1QtNySF","automation_id":249,"faction_loyalty_automation_id":113,"faction_loyalty_npc_id":333,"npc_name":"Faction Loyalty NPC 2097-1","action_type":"fight","result_type":"bounty_fight_yielded","monster_id":1675,"bounty_kills":1,"attack_type":"attack"} 
[2026-09-12 20:26:25] testing.INFO: Faction loyalty recall dispatch requested. {"character_id":1557,"character_name":"jCs1QtNySF","automation_id":249,"faction_loyalty_automation_id":113,"connection":"long_running","queue":"faction_loyalty","delay_seconds":179.986772} 
[2026-09-12 20:26:25] testing.INFO: Faction loyalty recall dispatch completed. {"character_id":1557,"character_name":"jCs1QtNySF","automation_id":249,"faction_loyalty_automation_id":113,"connection":"long_running","queue":"faction_loyalty","delay_seconds":179.986772} 
[2026-09-12 20:26:26] testing.INFO: Faction loyalty job picked up. {"character_id":1558,"automation_id":250,"faction_loyalty_automation_id":114,"connection":null,"queue":null} 
[2026-09-12 20:26:26] testing.INFO: Faction loyalty job records loaded. {"character_id":1558,"character_name":"YKEgkiNxFb","automation_id":250,"faction_loyalty_automation_id":114,"character_found":true,"character_automation_found":true,"faction_loyalty_automation_found":true} 
[2026-09-12 20:26:26] testing.INFO: Faction loyalty resolving NPC. {"character_id":1558,"character_name":"YKEgkiNxFb","automation_id":250,"faction_loyalty_automation_id":114} 
[2026-09-12 20:26:26] testing.INFO: Faction loyalty NPC resolved. {"character_id":1558,"character_name":"YKEgkiNxFb","automation_id":250,"faction_loyalty_automation_id":114,"faction_loyalty_npc_id":334,"npc_name":"Faction Loyalty NPC 2098-1"} 
[2026-09-12 20:26:26] testing.INFO: Faction loyalty resolving next action. {"character_id":1558,"character_name":"YKEgkiNxFb","automation_id":250,"faction_loyalty_automation_id":114,"faction_loyalty_npc_id":334,"npc_name":"Faction Loyalty NPC 2098-1"} 
[2026-09-12 20:26:26] testing.INFO: Faction loyalty action resolved. {"character_id":1558,"character_name":"YKEgkiNxFb","automation_id":250,"faction_loyalty_automation_id":114,"faction_loyalty_npc_id":334,"npc_name":"Faction Loyalty NPC 2098-1","action_type":"craft","item_id":3960,"monster_id":null} 
[2026-09-12 20:26:26] testing.INFO: Faction loyalty crafting action started. {"character_id":1558,"character_name":"YKEgkiNxFb","automation_id":250,"faction_loyalty_automation_id":114,"faction_loyalty_npc_id":334,"npc_name":"Faction Loyalty NPC 2098-1","action_type":"craft","item_id":3960} 
[2026-09-12 20:26:26] testing.INFO: Faction loyalty crafting action completed. {"character_id":1558,"character_name":"YKEgkiNxFb","automation_id":250,"faction_loyalty_automation_id":114,"faction_loyalty_npc_id":334,"npc_name":"Faction Loyalty NPC 2098-1","action_type":"craft","result_type":"not_enough_gold","item_id":3960} 
[2026-09-12 20:26:26] testing.INFO: Faction loyalty bounty action started. {"character_id":1558,"character_name":"YKEgkiNxFb","automation_id":250,"faction_loyalty_automation_id":114,"faction_loyalty_npc_id":334,"npc_name":"Faction Loyalty NPC 2098-1","action_type":"fight","monster_id":1681,"attack_type":"attack"} 
[2026-09-12 20:26:26] testing.INFO: Faction loyalty bounty action completed. {"character_id":1558,"character_name":"YKEgkiNxFb","automation_id":250,"faction_loyalty_automation_id":114,"faction_loyalty_npc_id":334,"npc_name":"Faction Loyalty NPC 2098-1","action_type":"fight","result_type":"bounty_fight_yielded","monster_id":1681,"bounty_kills":0,"attack_type":"attack"} 
[2026-09-12 20:26:26] testing.INFO: Faction loyalty recall dispatch requested. {"character_id":1558,"character_name":"YKEgkiNxFb","automation_id":250,"faction_loyalty_automation_id":114,"connection":"long_running","queue":"faction_loyalty","delay_seconds":179.989727} 
[2026-09-12 20:26:26] testing.INFO: Faction loyalty recall dispatch completed. {"character_id":1558,"character_name":"YKEgkiNxFb","automation_id":250,"faction_loyalty_automation_id":114,"connection":"long_running","queue":"faction_loyalty","delay_seconds":179.989727} 
[2026-09-12 20:26:26] testing.INFO: Faction loyalty job picked up. {"character_id":1559,"automation_id":251,"faction_loyalty_automation_id":115,"connection":null,"queue":null} 
[2026-09-12 20:26:26] testing.INFO: Faction loyalty job records loaded. {"character_id":1559,"character_name":"RqohTy8rfo","automation_id":251,"faction_loyalty_automation_id":115,"character_found":true,"character_automation_found":true,"faction_loyalty_automation_found":true} 
[2026-09-12 20:26:26] testing.INFO: Faction loyalty resolving NPC. {"character_id":1559,"character_name":"RqohTy8rfo","automation_id":251,"faction_loyalty_automation_id":115} 
[2026-09-12 20:26:26] testing.INFO: Faction loyalty NPC resolved. {"character_id":1559,"character_name":"RqohTy8rfo","automation_id":251,"faction_loyalty_automation_id":115,"faction_loyalty_npc_id":335,"npc_name":"Faction Loyalty NPC 2099-1"} 
[2026-09-12 20:26:26] testing.INFO: Faction loyalty resolving next action. {"character_id":1559,"character_name":"RqohTy8rfo","automation_id":251,"faction_loyalty_automation_id":115,"faction_loyalty_npc_id":335,"npc_name":"Faction Loyalty NPC 2099-1"} 
[2026-09-12 20:26:26] testing.INFO: Faction loyalty action resolved. {"character_id":1559,"character_name":"RqohTy8rfo","automation_id":251,"faction_loyalty_automation_id":115,"faction_loyalty_npc_id":335,"npc_name":"Faction Loyalty NPC 2099-1","action_type":"craft","item_id":3975,"monster_id":null} 
[2026-09-12 20:26:26] testing.INFO: Faction loyalty crafting action started. {"character_id":1559,"character_name":"RqohTy8rfo","automation_id":251,"faction_loyalty_automation_id":115,"faction_loyalty_npc_id":335,"npc_name":"Faction Loyalty NPC 2099-1","action_type":"craft","item_id":3975} 
[2026-09-12 20:26:26] testing.INFO: Faction loyalty crafting action completed. {"character_id":1559,"character_name":"RqohTy8rfo","automation_id":251,"faction_loyalty_automation_id":115,"faction_loyalty_npc_id":335,"npc_name":"Faction Loyalty NPC 2099-1","action_type":"craft","result_type":"not_enough_gold","item_id":3975} 
[2026-09-12 20:26:26] testing.INFO: Faction loyalty automation ending. {"character_id":1559,"character_name":"RqohTy8rfo","automation_id":251,"faction_loyalty_automation_id":115,"send_completion_messages":false,"character_automation_exists":true,"faction_loyalty_automation_exists":true} 
[2026-09-12 20:26:26] testing.INFO: Faction loyalty job picked up. {"character_id":1560,"automation_id":252,"faction_loyalty_automation_id":116,"connection":null,"queue":null} 
[2026-09-12 20:26:26] testing.INFO: Faction loyalty job records loaded. {"character_id":1560,"character_name":"8a7m8Y72yA","automation_id":252,"faction_loyalty_automation_id":116,"character_found":true,"character_automation_found":true,"faction_loyalty_automation_found":true} 
[2026-09-12 20:26:26] testing.INFO: Faction loyalty resolving NPC. {"character_id":1560,"character_name":"8a7m8Y72yA","automation_id":252,"faction_loyalty_automation_id":116} 
[2026-09-12 20:26:26] testing.INFO: Faction loyalty NPC resolved. {"character_id":1560,"character_name":"8a7m8Y72yA","automation_id":252,"faction_loyalty_automation_id":116,"faction_loyalty_npc_id":336,"npc_name":"Faction Loyalty NPC 2100-1"} 
[2026-09-12 20:26:26] testing.INFO: Faction loyalty resolving next action. {"character_id":1560,"character_name":"8a7m8Y72yA","automation_id":252,"faction_loyalty_automation_id":116,"faction_loyalty_npc_id":336,"npc_name":"Faction Loyalty NPC 2100-1"} 
[2026-09-12 20:26:26] testing.INFO: Faction loyalty action resolved. {"character_id":1560,"character_name":"8a7m8Y72yA","automation_id":252,"faction_loyalty_automation_id":116,"faction_loyalty_npc_id":336,"npc_name":"Faction Loyalty NPC 2100-1","action_type":"craft","item_id":3990,"monster_id":null} 
[2026-09-12 20:26:26] testing.INFO: Faction loyalty crafting action started. {"character_id":1560,"character_name":"8a7m8Y72yA","automation_id":252,"faction_loyalty_automation_id":116,"faction_loyalty_npc_id":336,"npc_name":"Faction Loyalty NPC 2100-1","action_type":"craft","item_id":3990} 
[2026-09-12 20:26:26] testing.INFO: Faction loyalty crafting action completed. {"character_id":1560,"character_name":"8a7m8Y72yA","automation_id":252,"faction_loyalty_automation_id":116,"faction_loyalty_npc_id":336,"npc_name":"Faction Loyalty NPC 2100-1","action_type":"craft","result_type":"item_not_found","item_id":3990} 
[2026-09-12 20:26:26] testing.INFO: Faction loyalty automation ending. {"character_id":1560,"character_name":"8a7m8Y72yA","automation_id":252,"faction_loyalty_automation_id":116,"send_completion_messages":false,"character_automation_exists":true,"faction_loyalty_automation_exists":true} 
[2026-09-12 20:26:27] testing.INFO: Faction loyalty job picked up. {"character_id":1561,"automation_id":253,"faction_loyalty_automation_id":117,"connection":null,"queue":null} 
[2026-09-12 20:26:27] testing.INFO: Faction loyalty job records loaded. {"character_id":1561,"character_name":"L3zeaVrEH3","automation_id":253,"faction_loyalty_automation_id":117,"character_found":true,"character_automation_found":true,"faction_loyalty_automation_found":true} 
[2026-09-12 20:26:27] testing.INFO: Faction loyalty resolving NPC. {"character_id":1561,"character_name":"L3zeaVrEH3","automation_id":253,"faction_loyalty_automation_id":117} 
[2026-09-12 20:26:27] testing.INFO: Faction loyalty NPC resolved. {"character_id":1561,"character_name":"L3zeaVrEH3","automation_id":253,"faction_loyalty_automation_id":117,"faction_loyalty_npc_id":337,"npc_name":"Faction Loyalty NPC 2101-1"} 
[2026-09-12 20:26:27] testing.INFO: Faction loyalty resolving next action. {"character_id":1561,"character_name":"L3zeaVrEH3","automation_id":253,"faction_loyalty_automation_id":117,"faction_loyalty_npc_id":337,"npc_name":"Faction Loyalty NPC 2101-1"} 
[2026-09-12 20:26:27] testing.INFO: Faction loyalty action resolved. {"character_id":1561,"character_name":"L3zeaVrEH3","automation_id":253,"faction_loyalty_automation_id":117,"faction_loyalty_npc_id":337,"npc_name":"Faction Loyalty NPC 2101-1","action_type":"fight","item_id":null,"monster_id":1699} 
[2026-09-12 20:26:27] testing.INFO: Faction loyalty bounty action started. {"character_id":1561,"character_name":"L3zeaVrEH3","automation_id":253,"faction_loyalty_automation_id":117,"faction_loyalty_npc_id":337,"npc_name":"Faction Loyalty NPC 2101-1","action_type":"fight","monster_id":1699,"attack_type":"attack"} 
[2026-09-12 20:26:27] testing.INFO: Faction loyalty bounty action completed. {"character_id":1561,"character_name":"L3zeaVrEH3","automation_id":253,"faction_loyalty_automation_id":117,"faction_loyalty_npc_id":337,"npc_name":"Faction Loyalty NPC 2101-1","action_type":"fight","result_type":"bounty_completed","monster_id":1699,"bounty_kills":0,"attack_type":"attack"} 
[2026-09-12 20:26:27] testing.INFO: Faction loyalty recall dispatch requested. {"character_id":1561,"character_name":"L3zeaVrEH3","automation_id":253,"faction_loyalty_automation_id":117,"connection":"long_running","queue":"faction_loyalty","delay_seconds":179.994708} 
[2026-09-12 20:26:27] testing.INFO: Faction loyalty recall dispatch completed. {"character_id":1561,"character_name":"L3zeaVrEH3","automation_id":253,"faction_loyalty_automation_id":117,"connection":"long_running","queue":"faction_loyalty","delay_seconds":179.994708} 
[2026-09-12 20:26:27] testing.INFO: Faction loyalty job picked up. {"character_id":1562,"automation_id":254,"faction_loyalty_automation_id":118,"connection":null,"queue":null} 
[2026-09-12 20:26:27] testing.INFO: Faction loyalty job records loaded. {"character_id":1562,"character_name":"sF5uBRphz3","automation_id":254,"faction_loyalty_automation_id":118,"character_found":true,"character_automation_found":true,"faction_loyalty_automation_found":true} 
[2026-09-12 20:26:27] testing.INFO: Faction loyalty resolving NPC. {"character_id":1562,"character_name":"sF5uBRphz3","automation_id":254,"faction_loyalty_automation_id":118} 
[2026-09-12 20:26:27] testing.INFO: Faction loyalty NPC resolved. {"character_id":1562,"character_name":"sF5uBRphz3","automation_id":254,"faction_loyalty_automation_id":118,"faction_loyalty_npc_id":338,"npc_name":"Faction Loyalty NPC 2102-1"} 
[2026-09-12 20:26:27] testing.INFO: Faction loyalty resolving next action. {"character_id":1562,"character_name":"sF5uBRphz3","automation_id":254,"faction_loyalty_automation_id":118,"faction_loyalty_npc_id":338,"npc_name":"Faction Loyalty NPC 2102-1"} 
[2026-09-12 20:26:27] testing.INFO: Faction loyalty action resolved. {"character_id":1562,"character_name":"sF5uBRphz3","automation_id":254,"faction_loyalty_automation_id":118,"faction_loyalty_npc_id":338,"npc_name":"Faction Loyalty NPC 2102-1","action_type":"fight","item_id":null,"monster_id":1705} 
[2026-09-12 20:26:27] testing.INFO: Faction loyalty bounty action started. {"character_id":1562,"character_name":"sF5uBRphz3","automation_id":254,"faction_loyalty_automation_id":118,"faction_loyalty_npc_id":338,"npc_name":"Faction Loyalty NPC 2102-1","action_type":"fight","monster_id":1705,"attack_type":"attack"} 
[2026-09-12 20:26:27] testing.INFO: Faction loyalty bounty action completed. {"character_id":1562,"character_name":"sF5uBRphz3","automation_id":254,"faction_loyalty_automation_id":118,"faction_loyalty_npc_id":338,"npc_name":"Faction Loyalty NPC 2102-1","action_type":"fight","result_type":"training_batch_completed","monster_id":1705,"bounty_kills":0,"attack_type":"attack"} 
[2026-09-12 20:26:27] testing.INFO: Faction loyalty recall dispatch requested. {"character_id":1562,"character_name":"sF5uBRphz3","automation_id":254,"faction_loyalty_automation_id":118,"connection":"long_running","queue":"faction_loyalty","delay_seconds":179.994771} 
[2026-09-12 20:26:27] testing.INFO: Faction loyalty recall dispatch completed. {"character_id":1562,"character_name":"sF5uBRphz3","automation_id":254,"faction_loyalty_automation_id":118,"connection":"long_running","queue":"faction_loyalty","delay_seconds":179.994771} 
[2026-09-12 20:26:27] testing.INFO: Faction loyalty job picked up. {"character_id":1563,"automation_id":255,"faction_loyalty_automation_id":119,"connection":null,"queue":null} 
[2026-09-12 20:26:27] testing.INFO: Faction loyalty job records loaded. {"character_id":1563,"character_name":"zVRERVMjo8","automation_id":255,"faction_loyalty_automation_id":119,"character_found":true,"character_automation_found":true,"faction_loyalty_automation_found":true} 
[2026-09-12 20:26:27] testing.INFO: Faction loyalty resolving NPC. {"character_id":1563,"character_name":"zVRERVMjo8","automation_id":255,"faction_loyalty_automation_id":119} 
[2026-09-12 20:26:27] testing.INFO: Faction loyalty NPC resolved. {"character_id":1563,"character_name":"zVRERVMjo8","automation_id":255,"faction_loyalty_automation_id":119,"faction_loyalty_npc_id":339,"npc_name":"Faction Loyalty NPC 2103-1"} 
[2026-09-12 20:26:27] testing.INFO: Faction loyalty resolving next action. {"character_id":1563,"character_name":"zVRERVMjo8","automation_id":255,"faction_loyalty_automation_id":119,"faction_loyalty_npc_id":339,"npc_name":"Faction Loyalty NPC 2103-1"} 
[2026-09-12 20:26:27] testing.INFO: Faction loyalty action resolved. {"character_id":1563,"character_name":"zVRERVMjo8","automation_id":255,"faction_loyalty_automation_id":119,"faction_loyalty_npc_id":339,"npc_name":"Faction Loyalty NPC 2103-1","action_type":"fight","item_id":null,"monster_id":1711} 
[2026-09-12 20:26:27] testing.INFO: Faction loyalty bounty action started. {"character_id":1563,"character_name":"zVRERVMjo8","automation_id":255,"faction_loyalty_automation_id":119,"faction_loyalty_npc_id":339,"npc_name":"Faction Loyalty NPC 2103-1","action_type":"fight","monster_id":1711,"attack_type":"attack"} 
[2026-09-12 20:26:27] testing.INFO: Faction loyalty bounty action completed. {"character_id":1563,"character_name":"zVRERVMjo8","automation_id":255,"faction_loyalty_automation_id":119,"faction_loyalty_npc_id":339,"npc_name":"Faction Loyalty NPC 2103-1","action_type":"fight","result_type":"died_to_bounty_started_training","monster_id":1711,"bounty_kills":0,"attack_type":"attack"} 
[2026-09-12 20:26:27] testing.INFO: Faction loyalty recall dispatch requested. {"character_id":1563,"character_name":"zVRERVMjo8","automation_id":255,"faction_loyalty_automation_id":119,"connection":"long_running","queue":"faction_loyalty","delay_seconds":179.994983} 
[2026-09-12 20:26:27] testing.INFO: Faction loyalty recall dispatch completed. {"character_id":1563,"character_name":"zVRERVMjo8","automation_id":255,"faction_loyalty_automation_id":119,"connection":"long_running","queue":"faction_loyalty","delay_seconds":179.994983} 
[2026-09-12 20:26:27] testing.INFO: Faction loyalty job picked up. {"character_id":1564,"automation_id":256,"faction_loyalty_automation_id":120,"connection":null,"queue":null} 
[2026-09-12 20:26:27] testing.INFO: Faction loyalty job records loaded. {"character_id":1564,"character_name":"dCwF8xQOjS","automation_id":256,"faction_loyalty_automation_id":120,"character_found":true,"character_automation_found":true,"faction_loyalty_automation_found":true} 
[2026-09-12 20:26:27] testing.INFO: Faction loyalty resolving NPC. {"character_id":1564,"character_name":"dCwF8xQOjS","automation_id":256,"faction_loyalty_automation_id":120} 
[2026-09-12 20:26:27] testing.INFO: Faction loyalty NPC resolved. {"character_id":1564,"character_name":"dCwF8xQOjS","automation_id":256,"faction_loyalty_automation_id":120,"faction_loyalty_npc_id":340,"npc_name":"Faction Loyalty NPC 2104-1"} 
[2026-09-12 20:26:27] testing.INFO: Faction loyalty resolving next action. {"character_id":1564,"character_name":"dCwF8xQOjS","automation_id":256,"faction_loyalty_automation_id":120,"faction_loyalty_npc_id":340,"npc_name":"Faction Loyalty NPC 2104-1"} 
[2026-09-12 20:26:27] testing.INFO: Faction loyalty action resolved. {"character_id":1564,"character_name":"dCwF8xQOjS","automation_id":256,"faction_loyalty_automation_id":120,"faction_loyalty_npc_id":340,"npc_name":"Faction Loyalty NPC 2104-1","action_type":"fight","item_id":null,"monster_id":1717} 
[2026-09-12 20:26:27] testing.INFO: Faction loyalty bounty action started. {"character_id":1564,"character_name":"dCwF8xQOjS","automation_id":256,"faction_loyalty_automation_id":120,"faction_loyalty_npc_id":340,"npc_name":"Faction Loyalty NPC 2104-1","action_type":"fight","monster_id":1717,"attack_type":"attack"} 
[2026-09-12 20:26:27] testing.INFO: Faction loyalty bounty action completed. {"character_id":1564,"character_name":"dCwF8xQOjS","automation_id":256,"faction_loyalty_automation_id":120,"faction_loyalty_npc_id":340,"npc_name":"Faction Loyalty NPC 2104-1","action_type":"fight","result_type":"bounty_stalled_retry","monster_id":1717,"bounty_kills":0,"attack_type":"attack"} 
[2026-09-12 20:26:27] testing.INFO: Faction loyalty recall dispatch requested. {"character_id":1564,"character_name":"dCwF8xQOjS","automation_id":256,"faction_loyalty_automation_id":120,"connection":"long_running","queue":"faction_loyalty","delay_seconds":179.994702} 
[2026-09-12 20:26:27] testing.INFO: Faction loyalty recall dispatch completed. {"character_id":1564,"character_name":"dCwF8xQOjS","automation_id":256,"faction_loyalty_automation_id":120,"connection":"long_running","queue":"faction_loyalty","delay_seconds":179.994702} 
[2026-09-12 20:26:28] testing.INFO: Faction loyalty job picked up. {"character_id":1565,"automation_id":257,"faction_loyalty_automation_id":121,"connection":null,"queue":null} 
[2026-09-12 20:26:28] testing.INFO: Faction loyalty job records loaded. {"character_id":1565,"character_name":"tZ25bi9aPk","automation_id":257,"faction_loyalty_automation_id":121,"character_found":true,"character_automation_found":true,"faction_loyalty_automation_found":true} 
[2026-09-12 20:26:28] testing.INFO: Faction loyalty resolving NPC. {"character_id":1565,"character_name":"tZ25bi9aPk","automation_id":257,"faction_loyalty_automation_id":121} 
[2026-09-12 20:26:28] testing.INFO: Faction loyalty NPC resolved. {"character_id":1565,"character_name":"tZ25bi9aPk","automation_id":257,"faction_loyalty_automation_id":121,"faction_loyalty_npc_id":341,"npc_name":"Faction Loyalty NPC 2105-1"} 
[2026-09-12 20:26:28] testing.INFO: Faction loyalty resolving next action. {"character_id":1565,"character_name":"tZ25bi9aPk","automation_id":257,"faction_loyalty_automation_id":121,"faction_loyalty_npc_id":341,"npc_name":"Faction Loyalty NPC 2105-1"} 
[2026-09-12 20:26:28] testing.INFO: Faction loyalty action resolved. {"character_id":1565,"character_name":"tZ25bi9aPk","automation_id":257,"faction_loyalty_automation_id":121,"faction_loyalty_npc_id":341,"npc_name":"Faction Loyalty NPC 2105-1","action_type":"fight","item_id":null,"monster_id":1723} 
[2026-09-12 20:26:28] testing.INFO: Faction loyalty bounty action started. {"character_id":1565,"character_name":"tZ25bi9aPk","automation_id":257,"faction_loyalty_automation_id":121,"faction_loyalty_npc_id":341,"npc_name":"Faction Loyalty NPC 2105-1","action_type":"fight","monster_id":1723,"attack_type":"attack"} 
[2026-09-12 20:26:28] testing.INFO: Faction loyalty bounty action completed. {"character_id":1565,"character_name":"tZ25bi9aPk","automation_id":257,"faction_loyalty_automation_id":121,"faction_loyalty_npc_id":341,"npc_name":"Faction Loyalty NPC 2105-1","action_type":"fight","result_type":"no_training_monster_found","monster_id":1723,"bounty_kills":0,"attack_type":"attack"} 
[2026-09-12 20:26:28] testing.INFO: Faction loyalty automation ending. {"character_id":1565,"character_name":"tZ25bi9aPk","automation_id":257,"faction_loyalty_automation_id":121,"send_completion_messages":false,"character_automation_exists":true,"faction_loyalty_automation_exists":true} 
[2026-09-12 20:26:28] testing.INFO: Faction loyalty job picked up. {"character_id":1566,"automation_id":258,"faction_loyalty_automation_id":122,"connection":null,"queue":null} 
[2026-09-12 20:26:28] testing.INFO: Faction loyalty job records loaded. {"character_id":1566,"character_name":"twEDWhbWsk","automation_id":258,"faction_loyalty_automation_id":122,"character_found":true,"character_automation_found":true,"faction_loyalty_automation_found":true} 
[2026-09-12 20:26:28] testing.INFO: Faction loyalty resolving NPC. {"character_id":1566,"character_name":"twEDWhbWsk","automation_id":258,"faction_loyalty_automation_id":122} 
[2026-09-12 20:26:28] testing.INFO: Faction loyalty NPC resolved. {"character_id":1566,"character_name":"twEDWhbWsk","automation_id":258,"faction_loyalty_automation_id":122,"faction_loyalty_npc_id":342,"npc_name":"Faction Loyalty NPC 2106-1"} 
[2026-09-12 20:26:28] testing.INFO: Faction loyalty resolving next action. {"character_id":1566,"character_name":"twEDWhbWsk","automation_id":258,"faction_loyalty_automation_id":122,"faction_loyalty_npc_id":342,"npc_name":"Faction Loyalty NPC 2106-1"} 
[2026-09-12 20:26:28] testing.INFO: Faction loyalty action resolved. {"character_id":1566,"character_name":"twEDWhbWsk","automation_id":258,"faction_loyalty_automation_id":122,"faction_loyalty_npc_id":342,"npc_name":"Faction Loyalty NPC 2106-1","action_type":"fight","item_id":null,"monster_id":1729} 
[2026-09-12 20:26:28] testing.INFO: Faction loyalty bounty action started. {"character_id":1566,"character_name":"twEDWhbWsk","automation_id":258,"faction_loyalty_automation_id":122,"faction_loyalty_npc_id":342,"npc_name":"Faction Loyalty NPC 2106-1","action_type":"fight","monster_id":1729,"attack_type":"attack"} 
[2026-09-12 20:26:28] testing.INFO: Faction loyalty bounty action completed. {"character_id":1566,"character_name":"twEDWhbWsk","automation_id":258,"faction_loyalty_automation_id":122,"faction_loyalty_npc_id":342,"npc_name":"Faction Loyalty NPC 2106-1","action_type":"fight","result_type":"died_during_training","monster_id":1729,"bounty_kills":0,"attack_type":"attack"} 
[2026-09-12 20:26:28] testing.INFO: Faction loyalty automation ending. {"character_id":1566,"character_name":"twEDWhbWsk","automation_id":258,"faction_loyalty_automation_id":122,"send_completion_messages":false,"character_automation_exists":true,"faction_loyalty_automation_exists":true} 
[2026-09-12 20:26:28] testing.INFO: Faction loyalty job picked up. {"character_id":1567,"automation_id":259,"faction_loyalty_automation_id":123,"connection":null,"queue":null} 
[2026-09-12 20:26:28] testing.INFO: Faction loyalty job records loaded. {"character_id":1567,"character_name":"L6KAbcypFE","automation_id":259,"faction_loyalty_automation_id":123,"character_found":true,"character_automation_found":true,"faction_loyalty_automation_found":true} 
[2026-09-12 20:26:28] testing.INFO: Faction loyalty resolving NPC. {"character_id":1567,"character_name":"L6KAbcypFE","automation_id":259,"faction_loyalty_automation_id":123} 
[2026-09-12 20:26:28] testing.INFO: Faction loyalty NPC resolved. {"character_id":1567,"character_name":"L6KAbcypFE","automation_id":259,"faction_loyalty_automation_id":123,"faction_loyalty_npc_id":343,"npc_name":"Faction Loyalty NPC 2107-1"} 
[2026-09-12 20:26:28] testing.INFO: Faction loyalty resolving next action. {"character_id":1567,"character_name":"L6KAbcypFE","automation_id":259,"faction_loyalty_automation_id":123,"faction_loyalty_npc_id":343,"npc_name":"Faction Loyalty NPC 2107-1"} 
[2026-09-12 20:26:28] testing.INFO: Faction loyalty action resolved. {"character_id":1567,"character_name":"L6KAbcypFE","automation_id":259,"faction_loyalty_automation_id":123,"faction_loyalty_npc_id":343,"npc_name":"Faction Loyalty NPC 2107-1","action_type":"fight","item_id":null,"monster_id":1735} 
[2026-09-12 20:26:28] testing.INFO: Faction loyalty bounty action started. {"character_id":1567,"character_name":"L6KAbcypFE","automation_id":259,"faction_loyalty_automation_id":123,"faction_loyalty_npc_id":343,"npc_name":"Faction Loyalty NPC 2107-1","action_type":"fight","monster_id":1735,"attack_type":"attack"} 
[2026-09-12 20:26:28] testing.INFO: Faction loyalty bounty action completed. {"character_id":1567,"character_name":"L6KAbcypFE","automation_id":259,"faction_loyalty_automation_id":123,"faction_loyalty_npc_id":343,"npc_name":"Faction Loyalty NPC 2107-1","action_type":"fight","result_type":"died_to_bounty_after_training","monster_id":1735,"bounty_kills":0,"attack_type":"attack"} 
[2026-09-12 20:26:28] testing.INFO: Faction loyalty automation ending. {"character_id":1567,"character_name":"L6KAbcypFE","automation_id":259,"faction_loyalty_automation_id":123,"send_completion_messages":false,"character_automation_exists":true,"faction_loyalty_automation_exists":true} 
[2026-09-12 20:26:29] testing.INFO: Faction loyalty job picked up. {"character_id":1568,"automation_id":260,"faction_loyalty_automation_id":124,"connection":null,"queue":null} 
[2026-09-12 20:26:29] testing.INFO: Faction loyalty job records loaded. {"character_id":1568,"character_name":"qlMktxYMej","automation_id":260,"faction_loyalty_automation_id":124,"character_found":true,"character_automation_found":true,"faction_loyalty_automation_found":true} 
[2026-09-12 20:26:29] testing.INFO: Faction loyalty resolving NPC. {"character_id":1568,"character_name":"qlMktxYMej","automation_id":260,"faction_loyalty_automation_id":124} 
[2026-09-12 20:26:29] testing.INFO: Faction loyalty NPC resolved. {"character_id":1568,"character_name":"qlMktxYMej","automation_id":260,"faction_loyalty_automation_id":124,"faction_loyalty_npc_id":344,"npc_name":"Faction Loyalty NPC 2108-1"} 
[2026-09-12 20:26:29] testing.INFO: Faction loyalty resolving next action. {"character_id":1568,"character_name":"qlMktxYMej","automation_id":260,"faction_loyalty_automation_id":124,"faction_loyalty_npc_id":344,"npc_name":"Faction Loyalty NPC 2108-1"} 
[2026-09-12 20:26:29] testing.INFO: Faction loyalty action resolved. {"character_id":1568,"character_name":"qlMktxYMej","automation_id":260,"faction_loyalty_automation_id":124,"faction_loyalty_npc_id":344,"npc_name":"Faction Loyalty NPC 2108-1","action_type":"craft","item_id":4110,"monster_id":null} 
[2026-09-12 20:26:29] testing.INFO: Faction loyalty crafting action started. {"character_id":1568,"character_name":"qlMktxYMej","automation_id":260,"faction_loyalty_automation_id":124,"faction_loyalty_npc_id":344,"npc_name":"Faction Loyalty NPC 2108-1","action_type":"craft","item_id":4110} 
[2026-09-12 20:26:29] testing.INFO: Faction loyalty crafting action completed. {"character_id":1568,"character_name":"qlMktxYMej","automation_id":260,"faction_loyalty_automation_id":124,"faction_loyalty_npc_id":344,"npc_name":"Faction Loyalty NPC 2108-1","action_type":"craft","result_type":"crafted_target_item","item_id":4110} 
[2026-09-12 20:26:29] testing.INFO: Faction loyalty job picked up. {"character_id":1569,"automation_id":261,"faction_loyalty_automation_id":125,"connection":null,"queue":null} 
[2026-09-12 20:26:29] testing.INFO: Faction loyalty job records loaded. {"character_id":1569,"character_name":"sbIRvi4ZS2","automation_id":261,"faction_loyalty_automation_id":125,"character_found":true,"character_automation_found":true,"faction_loyalty_automation_found":true} 
[2026-09-12 20:26:29] testing.INFO: Faction loyalty resolving NPC. {"character_id":1569,"character_name":"sbIRvi4ZS2","automation_id":261,"faction_loyalty_automation_id":125} 
[2026-09-12 20:26:29] testing.INFO: Faction loyalty NPC resolved. {"character_id":1569,"character_name":"sbIRvi4ZS2","automation_id":261,"faction_loyalty_automation_id":125,"faction_loyalty_npc_id":345,"npc_name":"Faction Loyalty NPC 2109-1"} 
[2026-09-12 20:26:29] testing.INFO: Faction loyalty resolving next action. {"character_id":1569,"character_name":"sbIRvi4ZS2","automation_id":261,"faction_loyalty_automation_id":125,"faction_loyalty_npc_id":345,"npc_name":"Faction Loyalty NPC 2109-1"} 
[2026-09-12 20:26:29] testing.INFO: Faction loyalty action resolved. {"character_id":1569,"character_name":"sbIRvi4ZS2","automation_id":261,"faction_loyalty_automation_id":125,"faction_loyalty_npc_id":345,"npc_name":"Faction Loyalty NPC 2109-1","action_type":"craft","item_id":4125,"monster_id":null} 
[2026-09-12 20:26:29] testing.INFO: Faction loyalty crafting action started. {"character_id":1569,"character_name":"sbIRvi4ZS2","automation_id":261,"faction_loyalty_automation_id":125,"faction_loyalty_npc_id":345,"npc_name":"Faction Loyalty NPC 2109-1","action_type":"craft","item_id":4125} 
[2026-09-12 20:26:29] testing.INFO: Faction loyalty crafting action completed. {"character_id":1569,"character_name":"sbIRvi4ZS2","automation_id":261,"faction_loyalty_automation_id":125,"faction_loyalty_npc_id":345,"npc_name":"Faction Loyalty NPC 2109-1","action_type":"craft","result_type":"crafted_target_item","item_id":4125} 
[2026-09-12 20:26:30] testing.INFO: Faction loyalty job picked up. {"character_id":1570,"automation_id":262,"faction_loyalty_automation_id":126,"connection":null,"queue":null} 
[2026-09-12 20:26:30] testing.INFO: Faction loyalty job records loaded. {"character_id":1570,"character_name":"94OgXqrQV5","automation_id":262,"faction_loyalty_automation_id":126,"character_found":true,"character_automation_found":true,"faction_loyalty_automation_found":true} 
[2026-09-12 20:26:30] testing.INFO: Faction loyalty resolving NPC. {"character_id":1570,"character_name":"94OgXqrQV5","automation_id":262,"faction_loyalty_automation_id":126} 
[2026-09-12 20:26:30] testing.INFO: Faction loyalty NPC resolved. {"character_id":1570,"character_name":"94OgXqrQV5","automation_id":262,"faction_loyalty_automation_id":126,"faction_loyalty_npc_id":346,"npc_name":"Faction Loyalty NPC 2110-1"} 
[2026-09-12 20:26:30] testing.INFO: Faction loyalty resolving next action. {"character_id":1570,"character_name":"94OgXqrQV5","automation_id":262,"faction_loyalty_automation_id":126,"faction_loyalty_npc_id":346,"npc_name":"Faction Loyalty NPC 2110-1"} 
[2026-09-12 20:26:30] testing.INFO: Faction loyalty action resolved. {"character_id":1570,"character_name":"94OgXqrQV5","automation_id":262,"faction_loyalty_automation_id":126,"faction_loyalty_npc_id":346,"npc_name":"Faction Loyalty NPC 2110-1","action_type":"craft","item_id":4140,"monster_id":null} 
[2026-09-12 20:26:30] testing.INFO: Faction loyalty crafting action started. {"character_id":1570,"character_name":"94OgXqrQV5","automation_id":262,"faction_loyalty_automation_id":126,"faction_loyalty_npc_id":346,"npc_name":"Faction Loyalty NPC 2110-1","action_type":"craft","item_id":4140} 
[2026-09-12 20:26:30] testing.INFO: Faction loyalty crafting action completed. {"character_id":1570,"character_name":"94OgXqrQV5","automation_id":262,"faction_loyalty_automation_id":126,"faction_loyalty_npc_id":346,"npc_name":"Faction Loyalty NPC 2110-1","action_type":"craft","result_type":"crafted_target_item","item_id":4140} 
[2026-09-12 20:26:30] testing.WARNING: Faction loyalty stale recall skipped because a newer active automation exists. {"character_id":1570,"automation_id":262,"faction_loyalty_automation_id":126,"newer_active_automation_id":263} 
[2026-09-12 20:26:30] testing.INFO: Faction loyalty job picked up. {"character_id":1571,"automation_id":264,"faction_loyalty_automation_id":128,"connection":null,"queue":null} 
[2026-09-12 20:26:30] testing.INFO: Faction loyalty job records loaded. {"character_id":1571,"character_name":"zcNhxvlPsi","automation_id":264,"faction_loyalty_automation_id":128,"character_found":true,"character_automation_found":true,"faction_loyalty_automation_found":true} 
[2026-09-12 20:26:30] testing.INFO: Faction loyalty resolving NPC. {"character_id":1571,"character_name":"zcNhxvlPsi","automation_id":264,"faction_loyalty_automation_id":128} 
[2026-09-12 20:26:30] testing.INFO: Faction loyalty NPC resolved. {"character_id":1571,"character_name":"zcNhxvlPsi","automation_id":264,"faction_loyalty_automation_id":128,"faction_loyalty_npc_id":347,"npc_name":"Faction Loyalty NPC 2111-1"} 
[2026-09-12 20:26:30] testing.INFO: Faction loyalty resolving next action. {"character_id":1571,"character_name":"zcNhxvlPsi","automation_id":264,"faction_loyalty_automation_id":128,"faction_loyalty_npc_id":347,"npc_name":"Faction Loyalty NPC 2111-1"} 
[2026-09-12 20:26:30] testing.INFO: Faction loyalty action resolved. {"character_id":1571,"character_name":"zcNhxvlPsi","automation_id":264,"faction_loyalty_automation_id":128,"faction_loyalty_npc_id":347,"npc_name":"Faction Loyalty NPC 2111-1","action_type":"craft","item_id":4155,"monster_id":null} 
[2026-09-12 20:26:30] testing.INFO: Faction loyalty crafting action started. {"character_id":1571,"character_name":"zcNhxvlPsi","automation_id":264,"faction_loyalty_automation_id":128,"faction_loyalty_npc_id":347,"npc_name":"Faction Loyalty NPC 2111-1","action_type":"craft","item_id":4155} 
[2026-09-12 20:26:30] testing.INFO: Faction loyalty crafting action completed. {"character_id":1571,"character_name":"zcNhxvlPsi","automation_id":264,"faction_loyalty_automation_id":128,"faction_loyalty_npc_id":347,"npc_name":"Faction Loyalty NPC 2111-1","action_type":"craft","result_type":"crafted_target_item","item_id":4155} 
[2026-09-12 20:26:30] testing.INFO: Faction loyalty job reached automation completion time. {"character_id":1571,"character_name":"zcNhxvlPsi","automation_id":264,"faction_loyalty_automation_id":128,"completed_at":"2026-01-01 12:01:00"} 
[2026-09-12 20:26:30] testing.INFO: Faction loyalty automation ending. {"character_id":1571,"character_name":"zcNhxvlPsi","automation_id":264,"faction_loyalty_automation_id":128,"send_completion_messages":true,"character_automation_exists":true,"faction_loyalty_automation_exists":true} 
[2026-09-12 20:26:30] testing.INFO: Faction loyalty job picked up. {"character_id":1572,"automation_id":265,"faction_loyalty_automation_id":129,"connection":null,"queue":null} 
[2026-09-12 20:26:30] testing.INFO: Faction loyalty job records loaded. {"character_id":1572,"character_name":"PuUw9np702","automation_id":265,"faction_loyalty_automation_id":129,"character_found":true,"character_automation_found":true,"faction_loyalty_automation_found":true} 
[2026-09-12 20:26:30] testing.INFO: Faction loyalty resolving NPC. {"character_id":1572,"character_name":"PuUw9np702","automation_id":265,"faction_loyalty_automation_id":129} 
[2026-09-12 20:26:30] testing.WARNING: Faction loyalty automation stopped for a character with missing inventory. {"character_id":1572,"automation_id":265,"faction_loyalty_automation_id":129,"exception":"[object] (App\\Game\\Character\\Exceptions\\MissingInventoryException(code: 0): No inventory found. at /home/adam/Documents/flare/tests/Unit/Game/Automation/FactionLoyalty/Jobs/AutomatedFactionLoyaltyTest.php:1420)
[stacktrace]
#0 /home/adam/Documents/flare/vendor/phpunit/phpunit/src/Framework/TestCase.php(1461): Tests\\Unit\\Game\\Automation\\FactionLoyalty\\Jobs\\AutomatedFactionLoyaltyTest->test_handle_handles_missing_inventory_exception()
#1 /home/adam/Documents/flare/vendor/phpunit/phpunit/src/Framework/TestCase.php(1475): PHPUnit\\Framework\\TestCase->invokeTestMethod('test_handle_han...', Array)
#2 /home/adam/Documents/flare/vendor/phpunit/phpunit/src/Framework/TestCase.php(496): PHPUnit\\Framework\\TestCase->runTest()
#3 /home/adam/Documents/flare/vendor/phpunit/phpunit/src/Framework/TestRunner/TestRunner.php(126): PHPUnit\\Framework\\TestCase->runBare()
#4 /home/adam/Documents/flare/vendor/phpunit/phpunit/src/Framework/TestCase.php(328): PHPUnit\\Framework\\TestRunner\\TestRunner->run(Object(Tests\\Unit\\Game\\Automation\\FactionLoyalty\\Jobs\\AutomatedFactionLoyaltyTest))
#5 /home/adam/Documents/flare/vendor/phpunit/phpunit/src/Framework/TestSuite.php(627): PHPUnit\\Framework\\TestCase->run()
#6 /home/adam/Documents/flare/vendor/phpunit/phpunit/src/Framework/TestSuite.php(420): PHPUnit\\Framework\\TestSuite->runTests(Array, Object(PHPUnit\\Event\\DispatchingEmitter))
#7 /home/adam/Documents/flare/vendor/phpunit/phpunit/src/Framework/TestSuite.php(627): PHPUnit\\Framework\\TestSuite->run()
#8 /home/adam/Documents/flare/vendor/phpunit/phpunit/src/Framework/TestSuite.php(420): PHPUnit\\Framework\\TestSuite->runTests(Array, Object(PHPUnit\\Event\\DispatchingEmitter))
#9 /home/adam/Documents/flare/vendor/phpunit/phpunit/src/Framework/TestSuite.php(627): PHPUnit\\Framework\\TestSuite->run()
#10 /home/adam/Documents/flare/vendor/phpunit/phpunit/src/Framework/TestSuite.php(420): PHPUnit\\Framework\\TestSuite->runTests(Array, Object(PHPUnit\\Event\\DispatchingEmitter))
#11 /home/adam/Documents/flare/vendor/phpunit/phpunit/src/TextUI/TestRunner.php(64): PHPUnit\\Framework\\TestSuite->run()
#12 /home/adam/Documents/flare/vendor/phpunit/phpunit/src/TextUI/Application.php(255): PHPUnit\\TextUI\\TestRunner->run(Object(PHPUnit\\TextUI\\Configuration\\Configuration), Object(PHPUnit\\Runner\\TestRunHistory\\DefaultTestRunHistory), Object(PHPUnit\\Framework\\TestSuite))
#13 /home/adam/Documents/flare/vendor/pestphp/pest/src/Kernel.php(100): PHPUnit\\TextUI\\Application->run(Array)
#14 /home/adam/Documents/flare/vendor/pestphp/pest/bin/pest(207): Pest\\Kernel->handle(Array, Array)
#15 /home/adam/Documents/flare/vendor/pestphp/pest/bin/pest(215): {closure:/home/adam/Documents/flare/vendor/pestphp/pest/bin/pest:21}()
#16 /home/adam/Documents/flare/vendor/bin/pest(119): include('/home/adam/Docu...')
#17 {main}
"} 
[2026-09-12 20:26:31] testing.INFO: Faction loyalty job picked up. {"character_id":1573,"automation_id":266,"faction_loyalty_automation_id":130,"connection":null,"queue":null} 
[2026-09-12 20:26:31] testing.INFO: Faction loyalty job records loaded. {"character_id":1573,"character_name":"dgyWccIfJv","automation_id":266,"faction_loyalty_automation_id":130,"character_found":true,"character_automation_found":true,"faction_loyalty_automation_found":true} 
[2026-09-12 20:26:31] testing.INFO: Faction loyalty resolving NPC. {"character_id":1573,"character_name":"dgyWccIfJv","automation_id":266,"faction_loyalty_automation_id":130} 
[2026-09-12 20:26:31] testing.ERROR: Faction loyalty automation failed. {"character_id":1573,"character_name":"dgyWccIfJv","automation_id":266,"faction_loyalty_automation_id":130,"exception_class":"Exception","exception_message":"Something broke.","exception_file":"/home/adam/Documents/flare/tests/Unit/Game/Automation/FactionLoyalty/Jobs/AutomatedFactionLoyaltyTest.php","exception_line":1440,"trace":"#0 /home/adam/Documents/flare/vendor/phpunit/phpunit/src/Framework/TestCase.php(1461): Tests\\Unit\\Game\\Automation\\FactionLoyalty\\Jobs\\AutomatedFactionLoyaltyTest->test_handle_handles_unexpected_exception_and_ends_automation()
#1 /home/adam/Documents/flare/vendor/phpunit/phpunit/src/Framework/TestCase.php(1475): PHPUnit\\Framework\\TestCase->invokeTestMethod('test_handle_han...', Array)
#2 /home/adam/Documents/flare/vendor/phpunit/phpunit/src/Framework/TestCase.php(496): PHPUnit\\Framework\\TestCase->runTest()
#3 /home/adam/Documents/flare/vendor/phpunit/phpunit/src/Framework/TestRunner/TestRunner.php(126): PHPUnit\\Framework\\TestCase->runBare()
#4 /home/adam/Documents/flare/vendor/phpunit/phpunit/src/Framework/TestCase.php(328): PHPUnit\\Framework\\TestRunner\\TestRunner->run(Object(Tests\\Unit\\Game\\Automation\\FactionLoyalty\\Jobs\\AutomatedFactionLoyaltyTest))
#5 /home/adam/Documents/flare/vendor/phpunit/phpunit/src/Framework/TestSuite.php(627): PHPUnit\\Framework\\TestCase->run()
#6 /home/adam/Documents/flare/vendor/phpunit/phpunit/src/Framework/TestSuite.php(420): PHPUnit\\Framework\\TestSuite->runTests(Array, Object(PHPUnit\\Event\\DispatchingEmitter))
#7 /home/adam/Documents/flare/vendor/phpunit/phpunit/src/Framework/TestSuite.php(627): PHPUnit\\Framework\\TestSuite->run()
#8 /home/adam/Documents/flare/vendor/phpunit/phpunit/src/Framework/TestSuite.php(420): PHPUnit\\Framework\\TestSuite->runTests(Array, Object(PHPUnit\\Event\\DispatchingEmitter))
#9 /home/adam/Documents/flare/vendor/phpunit/phpunit/src/Framework/TestSuite.php(627): PHPUnit\\Framework\\TestSuite->run()
#10 /home/adam/Documents/flare/vendor/phpunit/phpunit/src/Framework/TestSuite.php(420): PHPUnit\\Framework\\TestSuite->runTests(Array, Object(PHPUnit\\Event\\DispatchingEmitter))
#11 /home/adam/Documents/flare/vendor/phpunit/phpunit/src/TextUI/TestRunner.php(64): PHPUnit\\Framework\\TestSuite->run()
#12 /home/adam/Documents/flare/vendor/phpunit/phpunit/src/TextUI/Application.php(255): PHPUnit\\TextUI\\TestRunner->run(Object(PHPUnit\\TextUI\\Configuration\\Configuration), Object(PHPUnit\\Runner\\TestRunHistory\\DefaultTestRunHistory), Object(PHPUnit\\Framework\\TestSuite))
#13 /home/adam/Documents/flare/vendor/pestphp/pest/src/Kernel.php(100): PHPUnit\\TextUI\\Application->run(Array)
#14 /home/adam/Documents/flare/vendor/pestphp/pest/bin/pest(207): Pest\\Kernel->handle(Array, Array)
#15 /home/adam/Documents/flare/vendor/pestphp/pest/bin/pest(215): {closure:/home/adam/Documents/flare/vendor/pestphp/pest/bin/pest:21}()
#16 /home/adam/Documents/flare/vendor/bin/pest(119): include('/home/adam/Docu...')
#17 {main}","current_phase":"resolving_npc","cancellation_reason":"unexpected_exception"} 
[2026-09-12 20:26:31] testing.INFO: Faction loyalty automation ending. {"character_id":1573,"character_name":"dgyWccIfJv","automation_id":266,"faction_loyalty_automation_id":130,"send_completion_messages":false,"character_automation_exists":true,"faction_loyalty_automation_exists":true} 
[2026-09-12 20:26:31] testing.INFO: Faction loyalty job picked up. {"character_id":1574,"automation_id":267,"faction_loyalty_automation_id":131,"connection":null,"queue":null} 
[2026-09-12 20:26:31] testing.INFO: Faction loyalty job records loaded. {"character_id":1574,"character_name":"bems4uBLmB","automation_id":267,"faction_loyalty_automation_id":131,"character_found":true,"character_automation_found":true,"faction_loyalty_automation_found":true} 
[2026-09-12 20:26:31] testing.INFO: Faction loyalty resolving NPC. {"character_id":1574,"character_name":"bems4uBLmB","automation_id":267,"faction_loyalty_automation_id":131} 
[2026-09-12 20:26:31] testing.INFO: Faction loyalty NPC resolved. {"character_id":1574,"character_name":"bems4uBLmB","automation_id":267,"faction_loyalty_automation_id":131,"faction_loyalty_npc_id":350,"npc_name":"Faction Loyalty NPC 2114-1"} 
[2026-09-12 20:26:31] testing.INFO: Faction loyalty resolving next action. {"character_id":1574,"character_name":"bems4uBLmB","automation_id":267,"faction_loyalty_automation_id":131,"faction_loyalty_npc_id":350,"npc_name":"Faction Loyalty NPC 2114-1"} 
[2026-09-12 20:26:31] testing.WARNING: Faction loyalty action could not be resolved. Automation ending. {"character_id":1574,"character_name":"bems4uBLmB","automation_id":267,"faction_loyalty_automation_id":131,"faction_loyalty_npc_id":350,"npc_name":"Faction Loyalty NPC 2114-1"} 
[2026-09-12 20:26:31] testing.INFO: Faction loyalty automation ending. {"character_id":1574,"character_name":"bems4uBLmB","automation_id":267,"faction_loyalty_automation_id":131,"send_completion_messages":false,"character_automation_exists":true,"faction_loyalty_automation_exists":true} 
[2026-09-12 20:26:32] testing.ERROR: Faction loyalty automation job failed. {"character_id":1575,"automation_id":268,"faction_loyalty_automation_id":132,"exception_class":"Exception","exception_message":"Job failed.","exception_file":"/home/adam/Documents/flare/tests/Unit/Game/Automation/FactionLoyalty/Jobs/AutomatedFactionLoyaltyTest.php","exception_line":1500,"trace":"#0 /home/adam/Documents/flare/vendor/phpunit/phpunit/src/Framework/TestCase.php(1461): Tests\\Unit\\Game\\Automation\\FactionLoyalty\\Jobs\\AutomatedFactionLoyaltyTest->test_failed_does_not_reactivate_character_when_automation_already_expired()
#1 /home/adam/Documents/flare/vendor/phpunit/phpunit/src/Framework/TestCase.php(1475): PHPUnit\\Framework\\TestCase->invokeTestMethod('test_failed_doe...', Array)
#2 /home/adam/Documents/flare/vendor/phpunit/phpunit/src/Framework/TestCase.php(496): PHPUnit\\Framework\\TestCase->runTest()
#3 /home/adam/Documents/flare/vendor/phpunit/phpunit/src/Framework/TestRunner/TestRunner.php(126): PHPUnit\\Framework\\TestCase->runBare()
#4 /home/adam/Documents/flare/vendor/phpunit/phpunit/src/Framework/TestCase.php(328): PHPUnit\\Framework\\TestRunner\\TestRunner->run(Object(Tests\\Unit\\Game\\Automation\\FactionLoyalty\\Jobs\\AutomatedFactionLoyaltyTest))
#5 /home/adam/Documents/flare/vendor/phpunit/phpunit/src/Framework/TestSuite.php(627): PHPUnit\\Framework\\TestCase->run()
#6 /home/adam/Documents/flare/vendor/phpunit/phpunit/src/Framework/TestSuite.php(420): PHPUnit\\Framework\\TestSuite->runTests(Array, Object(PHPUnit\\Event\\DispatchingEmitter))
#7 /home/adam/Documents/flare/vendor/phpunit/phpunit/src/Framework/TestSuite.php(627): PHPUnit\\Framework\\TestSuite->run()
#8 /home/adam/Documents/flare/vendor/phpunit/phpunit/src/Framework/TestSuite.php(420): PHPUnit\\Framework\\TestSuite->runTests(Array, Object(PHPUnit\\Event\\DispatchingEmitter))
#9 /home/adam/Documents/flare/vendor/phpunit/phpunit/src/Framework/TestSuite.php(627): PHPUnit\\Framework\\TestSuite->run()
#10 /home/adam/Documents/flare/vendor/phpunit/phpunit/src/Framework/TestSuite.php(420): PHPUnit\\Framework\\TestSuite->runTests(Array, Object(PHPUnit\\Event\\DispatchingEmitter))
#11 /home/adam/Documents/flare/vendor/phpunit/phpunit/src/TextUI/TestRunner.php(64): PHPUnit\\Framework\\TestSuite->run()
#12 /home/adam/Documents/flare/vendor/phpunit/phpunit/src/TextUI/Application.php(255): PHPUnit\\TextUI\\TestRunner->run(Object(PHPUnit\\TextUI\\Configuration\\Configuration), Object(PHPUnit\\Runner\\TestRunHistory\\DefaultTestRunHistory), Object(PHPUnit\\Framework\\TestSuite))
#13 /home/adam/Documents/flare/vendor/pestphp/pest/src/Kernel.php(100): PHPUnit\\TextUI\\Application->run(Array)
#14 /home/adam/Documents/flare/vendor/pestphp/pest/bin/pest(207): Pest\\Kernel->handle(Array, Array)
#15 /home/adam/Documents/flare/vendor/pestphp/pest/bin/pest(215): {closure:/home/adam/Documents/flare/vendor/pestphp/pest/bin/pest:21}()
#16 /home/adam/Documents/flare/vendor/bin/pest(119): include('/home/adam/Docu...')
#17 {main}","current_phase":"initializing","cancellation_reason":"queue_job_failed"} 
[2026-09-12 20:26:35] testing.INFO: Faction loyalty automation requested. {"character_id":1586,"character_name":"H2BwufsBu5","faction_loyalty_npc_id":382,"npc_name":"Faction Loyalty NPC 2126-1","attack_type":"attack"} 
[2026-09-12 20:26:35] testing.INFO: Faction loyalty automation records created. {"character_id":1586,"character_name":"H2BwufsBu5","automation_id":279,"faction_loyalty_automation_id":143,"faction_loyalty_npc_id":382,"completed_at":"2026-09-13 04:26:35"} 
[2026-09-12 20:26:35] testing.INFO: Faction loyalty automation dispatch requested. {"character_id":1586,"character_name":"H2BwufsBu5","automation_id":279,"faction_loyalty_automation_id":143,"connection":"long_running","queue":"faction_loyalty","delay_minutes":1} 
[2026-09-12 20:26:35] testing.INFO: Faction loyalty automation dispatch completed. {"character_id":1586,"character_name":"H2BwufsBu5","automation_id":279,"faction_loyalty_automation_id":143,"connection":"long_running","queue":"faction_loyalty","delay_minutes":1} 
[2026-09-12 20:26:35] testing.WARNING: Faction loyalty automation stop requested but no active automation found. {"character_id":1587,"character_name":"NJLZ6O4HmB"} 
[2026-09-12 20:26:35] testing.INFO: Faction loyalty automation requested. {"character_id":1588,"character_name":"Q7SC8yj7wf","faction_loyalty_npc_id":384,"npc_name":"Faction Loyalty NPC 2128-1","attack_type":"attack"} 
[2026-09-12 20:26:35] testing.INFO: Faction loyalty automation records created. {"character_id":1588,"character_name":"Q7SC8yj7wf","automation_id":280,"faction_loyalty_automation_id":144,"faction_loyalty_npc_id":384,"completed_at":"2026-09-13 04:26:35"} 
[2026-09-12 20:26:35] testing.INFO: Faction loyalty automation dispatch requested. {"character_id":1588,"character_name":"Q7SC8yj7wf","automation_id":280,"faction_loyalty_automation_id":144,"connection":"long_running","queue":"faction_loyalty","delay_minutes":1} 
[2026-09-12 20:26:35] testing.INFO: Faction loyalty automation dispatch completed. {"character_id":1588,"character_name":"Q7SC8yj7wf","automation_id":280,"faction_loyalty_automation_id":144,"connection":"long_running","queue":"faction_loyalty","delay_minutes":1} 
[2026-09-12 20:26:35] testing.INFO: Faction loyalty automation stopped by player. {"character_id":1588,"character_name":"Q7SC8yj7wf","automation_id":280,"faction_loyalty_automation_id":144} 
