[2026-09-12 20:18:15] testing.DEBUG: resume.dispatched_processor {"character_id":27} 
[2026-09-12 20:18:15] testing.DEBUG: resume.completed {"repaired_queue_state_count":1,"resumed_processing_request_count":0,"legacy_failed_processing_request_count":0,"restarted_processor_count":1,"cleared_inactive_queue_state_count":0,"resumable_step_count":0,"unemitted_message_count":0,"would_resume_processing_request_count":0,"would_legacy_fail_processing_request_count":0} 
[2026-09-12 20:20:30] testing.DEBUG: step.created {"character_id":312,"request_id":15,"step_name":"build_reward_plan","status":"pending","source_type":"guide_quest","source_id":"guide_quest:312:3"} 
[2026-09-12 20:20:30] testing.DEBUG: step.created {"character_id":312,"request_id":15,"step_name":"skill_points","status":"pending","source_type":"guide_quest","source_id":"guide_quest:312:3"} 
[2026-09-12 20:20:30] testing.DEBUG: step.created {"character_id":312,"request_id":15,"step_name":"faction_points","status":"pending","source_type":"guide_quest","source_id":"guide_quest:312:3"} 
[2026-09-12 20:20:30] testing.DEBUG: step.created {"character_id":312,"request_id":15,"step_name":"faction_loyalty_bounty","status":"pending","source_type":"guide_quest","source_id":"guide_quest:312:3"} 
[2026-09-12 20:20:30] testing.DEBUG: step.created {"character_id":312,"request_id":15,"step_name":"currency_rewards","status":"pending","source_type":"guide_quest","source_id":"guide_quest:312:3"} 
[2026-09-12 20:20:30] testing.DEBUG: step.created {"character_id":312,"request_id":15,"step_name":"specific_location_rewards","status":"pending","source_type":"guide_quest","source_id":"guide_quest:312:3"} 
[2026-09-12 20:20:30] testing.DEBUG: step.created {"character_id":312,"request_id":15,"step_name":"item_drops","status":"pending","source_type":"guide_quest","source_id":"guide_quest:312:3"} 
[2026-09-12 20:20:30] testing.DEBUG: step.created {"character_id":312,"request_id":15,"step_name":"weekly_rewards","status":"pending","source_type":"guide_quest","source_id":"guide_quest:312:3"} 
[2026-09-12 20:20:30] testing.DEBUG: step.created {"character_id":312,"request_id":15,"step_name":"secondary_rewards","status":"pending","source_type":"guide_quest","source_id":"guide_quest:312:3"} 
[2026-09-12 20:20:30] testing.DEBUG: step.created {"character_id":312,"request_id":15,"step_name":"global_event_participation","status":"pending","source_type":"guide_quest","source_id":"guide_quest:312:3"} 
[2026-09-12 20:20:30] testing.DEBUG: step.created {"character_id":312,"request_id":15,"step_name":"xp","status":"pending","source_type":"guide_quest","source_id":"guide_quest:312:3"} 
[2026-09-12 20:20:30] testing.DEBUG: step.created {"character_id":312,"request_id":15,"step_name":"gem_world_rewards","status":"pending","source_type":"guide_quest","source_id":"guide_quest:312:3"} 
[2026-09-12 20:20:30] testing.DEBUG: step.created {"character_id":312,"request_id":15,"step_name":"exploration_context","status":"pending","source_type":"guide_quest","source_id":"guide_quest:312:3"} 
[2026-09-12 20:20:30] testing.DEBUG: step.created {"character_id":312,"request_id":15,"step_name":"winter_event","status":"pending","source_type":"guide_quest","source_id":"guide_quest:312:3"} 
[2026-09-12 20:20:30] testing.DEBUG: step.created {"character_id":312,"request_id":15,"step_name":"final_player_updates","status":"pending","source_type":"guide_quest","source_id":"guide_quest:312:3"} 
[2026-09-12 20:20:30] testing.DEBUG: step.created {"character_id":312,"request_id":15,"step_name":"message_outbox","status":"pending","source_type":"guide_quest","source_id":"guide_quest:312:3"} 
[2026-09-12 20:20:30] testing.DEBUG: ledger.created {"character_id":312,"request_id":15,"status":"created","source_type":"guide_quest","source_id":"guide_quest:312:3"} 
[2026-09-12 20:20:30] testing.DEBUG: step.started {"character_id":312,"request_id":15,"step_name":"build_reward_plan","status":"running","source_type":"guide_quest","source_id":"guide_quest:312:3","attempts":1} 
[2026-09-12 20:20:30] testing.DEBUG: step.completed {"character_id":312,"request_id":15,"step_name":"build_reward_plan","status":"completed","source_type":"guide_quest","source_id":"guide_quest:312:3","attempts":1} 
[2026-09-12 20:20:30] testing.DEBUG: step.started {"character_id":312,"request_id":15,"step_name":"skill_points","status":"running","source_type":"guide_quest","source_id":"guide_quest:312:3","attempts":1} 
[2026-09-12 20:20:30] testing.DEBUG: step.completed {"character_id":312,"request_id":15,"step_name":"skill_points","status":"completed","source_type":"guide_quest","source_id":"guide_quest:312:3","attempts":1} 
[2026-09-12 20:20:30] testing.DEBUG: step.started {"character_id":312,"request_id":15,"step_name":"faction_points","status":"running","source_type":"guide_quest","source_id":"guide_quest:312:3","attempts":1} 
[2026-09-12 20:20:30] testing.DEBUG: step.completed {"character_id":312,"request_id":15,"step_name":"faction_points","status":"completed","source_type":"guide_quest","source_id":"guide_quest:312:3","attempts":1} 
[2026-09-12 20:20:30] testing.DEBUG: step.started {"character_id":312,"request_id":15,"step_name":"faction_loyalty_bounty","status":"running","source_type":"guide_quest","source_id":"guide_quest:312:3","attempts":1} 
[2026-09-12 20:20:30] testing.DEBUG: step.completed {"character_id":312,"request_id":15,"step_name":"faction_loyalty_bounty","status":"completed","source_type":"guide_quest","source_id":"guide_quest:312:3","attempts":1} 
[2026-09-12 20:20:30] testing.DEBUG: step.started {"character_id":312,"request_id":15,"step_name":"currency_rewards","status":"running","source_type":"guide_quest","source_id":"guide_quest:312:3","attempts":1} 
[2026-09-12 20:20:30] testing.DEBUG: step.completed {"character_id":312,"request_id":15,"step_name":"currency_rewards","status":"completed","source_type":"guide_quest","source_id":"guide_quest:312:3","attempts":1} 
[2026-09-12 20:20:30] testing.DEBUG: step.started {"character_id":312,"request_id":15,"step_name":"specific_location_rewards","status":"running","source_type":"guide_quest","source_id":"guide_quest:312:3","attempts":1} 
[2026-09-12 20:20:30] testing.DEBUG: step.completed {"character_id":312,"request_id":15,"step_name":"specific_location_rewards","status":"completed","source_type":"guide_quest","source_id":"guide_quest:312:3","attempts":1} 
[2026-09-12 20:20:30] testing.DEBUG: step.started {"character_id":312,"request_id":15,"step_name":"item_drops","status":"running","source_type":"guide_quest","source_id":"guide_quest:312:3","attempts":1} 
[2026-09-12 20:20:30] testing.DEBUG: step.completed {"character_id":312,"request_id":15,"step_name":"item_drops","status":"completed","source_type":"guide_quest","source_id":"guide_quest:312:3","attempts":1} 
[2026-09-12 20:20:30] testing.DEBUG: step.started {"character_id":312,"request_id":15,"step_name":"weekly_rewards","status":"running","source_type":"guide_quest","source_id":"guide_quest:312:3","attempts":1} 
[2026-09-12 20:20:30] testing.DEBUG: step.completed {"character_id":312,"request_id":15,"step_name":"weekly_rewards","status":"completed","source_type":"guide_quest","source_id":"guide_quest:312:3","attempts":1} 
[2026-09-12 20:20:30] testing.DEBUG: step.started {"character_id":312,"request_id":15,"step_name":"secondary_rewards","status":"running","source_type":"guide_quest","source_id":"guide_quest:312:3","attempts":1} 
[2026-09-12 20:20:30] testing.DEBUG: step.completed {"character_id":312,"request_id":15,"step_name":"secondary_rewards","status":"completed","source_type":"guide_quest","source_id":"guide_quest:312:3","attempts":1} 
[2026-09-12 20:20:30] testing.DEBUG: step.started {"character_id":312,"request_id":15,"step_name":"global_event_participation","status":"running","source_type":"guide_quest","source_id":"guide_quest:312:3","attempts":1} 
[2026-09-12 20:20:30] testing.DEBUG: step.completed {"character_id":312,"request_id":15,"step_name":"global_event_participation","status":"completed","source_type":"guide_quest","source_id":"guide_quest:312:3","attempts":1} 
[2026-09-12 20:20:30] testing.DEBUG: step.started {"character_id":312,"request_id":15,"step_name":"xp","status":"running","source_type":"guide_quest","source_id":"guide_quest:312:3","attempts":1} 
[2026-09-12 20:20:30] testing.DEBUG: step.completed {"character_id":312,"request_id":15,"step_name":"xp","status":"completed","source_type":"guide_quest","source_id":"guide_quest:312:3","attempts":1} 
[2026-09-12 20:20:30] testing.DEBUG: step.started {"character_id":312,"request_id":15,"step_name":"gem_world_rewards","status":"running","source_type":"guide_quest","source_id":"guide_quest:312:3","attempts":1} 
[2026-09-12 20:20:30] testing.DEBUG: step.completed {"character_id":312,"request_id":15,"step_name":"gem_world_rewards","status":"completed","source_type":"guide_quest","source_id":"guide_quest:312:3","attempts":1} 
[2026-09-12 20:20:30] testing.DEBUG: step.started {"character_id":312,"request_id":15,"step_name":"exploration_context","status":"running","source_type":"guide_quest","source_id":"guide_quest:312:3","attempts":1} 
[2026-09-12 20:20:30] testing.DEBUG: step.completed {"character_id":312,"request_id":15,"step_name":"exploration_context","status":"completed","source_type":"guide_quest","source_id":"guide_quest:312:3","attempts":1} 
[2026-09-12 20:20:30] testing.DEBUG: step.started {"character_id":312,"request_id":15,"step_name":"winter_event","status":"running","source_type":"guide_quest","source_id":"guide_quest:312:3","attempts":1} 
[2026-09-12 20:20:30] testing.DEBUG: step.completed {"character_id":312,"request_id":15,"step_name":"winter_event","status":"completed","source_type":"guide_quest","source_id":"guide_quest:312:3","attempts":1} 
[2026-09-12 20:20:30] testing.DEBUG: step.started {"character_id":312,"request_id":15,"step_name":"final_player_updates","status":"running","source_type":"guide_quest","source_id":"guide_quest:312:3","attempts":1} 
[2026-09-12 20:20:30] testing.DEBUG: step.completed {"character_id":312,"request_id":15,"step_name":"final_player_updates","status":"completed","source_type":"guide_quest","source_id":"guide_quest:312:3","attempts":1} 
[2026-09-12 20:20:30] testing.DEBUG: step.started {"character_id":312,"request_id":15,"step_name":"message_outbox","status":"running","source_type":"guide_quest","source_id":"guide_quest:312:3","attempts":1} 
[2026-09-12 20:20:30] testing.DEBUG: step.completed {"character_id":312,"request_id":15,"step_name":"message_outbox","status":"completed","source_type":"guide_quest","source_id":"guide_quest:312:3","attempts":1} 
[2026-09-12 20:20:31] testing.DEBUG: step.created {"character_id":316,"request_id":16,"step_name":"build_reward_plan","status":"pending","source_type":"guide_quest","source_id":"guide_quest:316:8"} 
[2026-09-12 20:20:31] testing.DEBUG: step.created {"character_id":316,"request_id":16,"step_name":"skill_points","status":"pending","source_type":"guide_quest","source_id":"guide_quest:316:8"} 
[2026-09-12 20:20:31] testing.DEBUG: step.created {"character_id":316,"request_id":16,"step_name":"faction_points","status":"pending","source_type":"guide_quest","source_id":"guide_quest:316:8"} 
[2026-09-12 20:20:31] testing.DEBUG: step.created {"character_id":316,"request_id":16,"step_name":"faction_loyalty_bounty","status":"pending","source_type":"guide_quest","source_id":"guide_quest:316:8"} 
[2026-09-12 20:20:31] testing.DEBUG: step.created {"character_id":316,"request_id":16,"step_name":"currency_rewards","status":"pending","source_type":"guide_quest","source_id":"guide_quest:316:8"} 
[2026-09-12 20:20:31] testing.DEBUG: step.created {"character_id":316,"request_id":16,"step_name":"specific_location_rewards","status":"pending","source_type":"guide_quest","source_id":"guide_quest:316:8"} 
[2026-09-12 20:20:31] testing.DEBUG: step.created {"character_id":316,"request_id":16,"step_name":"item_drops","status":"pending","source_type":"guide_quest","source_id":"guide_quest:316:8"} 
[2026-09-12 20:20:31] testing.DEBUG: step.created {"character_id":316,"request_id":16,"step_name":"weekly_rewards","status":"pending","source_type":"guide_quest","source_id":"guide_quest:316:8"} 
[2026-09-12 20:20:31] testing.DEBUG: step.created {"character_id":316,"request_id":16,"step_name":"secondary_rewards","status":"pending","source_type":"guide_quest","source_id":"guide_quest:316:8"} 
[2026-09-12 20:20:31] testing.DEBUG: step.created {"character_id":316,"request_id":16,"step_name":"global_event_participation","status":"pending","source_type":"guide_quest","source_id":"guide_quest:316:8"} 
[2026-09-12 20:20:31] testing.DEBUG: step.created {"character_id":316,"request_id":16,"step_name":"xp","status":"pending","source_type":"guide_quest","source_id":"guide_quest:316:8"} 
[2026-09-12 20:20:31] testing.DEBUG: step.created {"character_id":316,"request_id":16,"step_name":"gem_world_rewards","status":"pending","source_type":"guide_quest","source_id":"guide_quest:316:8"} 
[2026-09-12 20:20:32] testing.DEBUG: step.created {"character_id":316,"request_id":16,"step_name":"exploration_context","status":"pending","source_type":"guide_quest","source_id":"guide_quest:316:8"} 
[2026-09-12 20:20:32] testing.DEBUG: step.created {"character_id":316,"request_id":16,"step_name":"winter_event","status":"pending","source_type":"guide_quest","source_id":"guide_quest:316:8"} 
[2026-09-12 20:20:32] testing.DEBUG: step.created {"character_id":316,"request_id":16,"step_name":"final_player_updates","status":"pending","source_type":"guide_quest","source_id":"guide_quest:316:8"} 
[2026-09-12 20:20:32] testing.DEBUG: step.created {"character_id":316,"request_id":16,"step_name":"message_outbox","status":"pending","source_type":"guide_quest","source_id":"guide_quest:316:8"} 
[2026-09-12 20:20:32] testing.DEBUG: ledger.created {"character_id":316,"request_id":16,"status":"created","source_type":"guide_quest","source_id":"guide_quest:316:8"} 
[2026-09-12 20:20:32] testing.DEBUG: step.started {"character_id":316,"request_id":16,"step_name":"build_reward_plan","status":"running","source_type":"guide_quest","source_id":"guide_quest:316:8","attempts":1} 
[2026-09-12 20:20:32] testing.DEBUG: step.completed {"character_id":316,"request_id":16,"step_name":"build_reward_plan","status":"completed","source_type":"guide_quest","source_id":"guide_quest:316:8","attempts":1} 
[2026-09-12 20:20:32] testing.DEBUG: step.started {"character_id":316,"request_id":16,"step_name":"skill_points","status":"running","source_type":"guide_quest","source_id":"guide_quest:316:8","attempts":1} 
[2026-09-12 20:20:32] testing.DEBUG: step.completed {"character_id":316,"request_id":16,"step_name":"skill_points","status":"completed","source_type":"guide_quest","source_id":"guide_quest:316:8","attempts":1} 
[2026-09-12 20:20:32] testing.DEBUG: step.started {"character_id":316,"request_id":16,"step_name":"faction_points","status":"running","source_type":"guide_quest","source_id":"guide_quest:316:8","attempts":1} 
[2026-09-12 20:20:32] testing.DEBUG: step.completed {"character_id":316,"request_id":16,"step_name":"faction_points","status":"completed","source_type":"guide_quest","source_id":"guide_quest:316:8","attempts":1} 
[2026-09-12 20:20:32] testing.DEBUG: step.started {"character_id":316,"request_id":16,"step_name":"faction_loyalty_bounty","status":"running","source_type":"guide_quest","source_id":"guide_quest:316:8","attempts":1} 
[2026-09-12 20:20:32] testing.DEBUG: step.completed {"character_id":316,"request_id":16,"step_name":"faction_loyalty_bounty","status":"completed","source_type":"guide_quest","source_id":"guide_quest:316:8","attempts":1} 
[2026-09-12 20:20:32] testing.DEBUG: step.started {"character_id":316,"request_id":16,"step_name":"currency_rewards","status":"running","source_type":"guide_quest","source_id":"guide_quest:316:8","attempts":1} 
[2026-09-12 20:20:32] testing.DEBUG: step.completed {"character_id":316,"request_id":16,"step_name":"currency_rewards","status":"completed","source_type":"guide_quest","source_id":"guide_quest:316:8","attempts":1} 
[2026-09-12 20:20:32] testing.DEBUG: step.started {"character_id":316,"request_id":16,"step_name":"specific_location_rewards","status":"running","source_type":"guide_quest","source_id":"guide_quest:316:8","attempts":1} 
[2026-09-12 20:20:32] testing.DEBUG: step.completed {"character_id":316,"request_id":16,"step_name":"specific_location_rewards","status":"completed","source_type":"guide_quest","source_id":"guide_quest:316:8","attempts":1} 
[2026-09-12 20:20:32] testing.DEBUG: step.started {"character_id":316,"request_id":16,"step_name":"item_drops","status":"running","source_type":"guide_quest","source_id":"guide_quest:316:8","attempts":1} 
[2026-09-12 20:20:32] testing.DEBUG: step.completed {"character_id":316,"request_id":16,"step_name":"item_drops","status":"completed","source_type":"guide_quest","source_id":"guide_quest:316:8","attempts":1} 
[2026-09-12 20:20:32] testing.DEBUG: step.started {"character_id":316,"request_id":16,"step_name":"weekly_rewards","status":"running","source_type":"guide_quest","source_id":"guide_quest:316:8","attempts":1} 
[2026-09-12 20:20:32] testing.DEBUG: step.completed {"character_id":316,"request_id":16,"step_name":"weekly_rewards","status":"completed","source_type":"guide_quest","source_id":"guide_quest:316:8","attempts":1} 
[2026-09-12 20:20:32] testing.DEBUG: step.started {"character_id":316,"request_id":16,"step_name":"secondary_rewards","status":"running","source_type":"guide_quest","source_id":"guide_quest:316:8","attempts":1} 
[2026-09-12 20:20:32] testing.DEBUG: step.completed {"character_id":316,"request_id":16,"step_name":"secondary_rewards","status":"completed","source_type":"guide_quest","source_id":"guide_quest:316:8","attempts":1} 
[2026-09-12 20:20:32] testing.DEBUG: step.started {"character_id":316,"request_id":16,"step_name":"global_event_participation","status":"running","source_type":"guide_quest","source_id":"guide_quest:316:8","attempts":1} 
[2026-09-12 20:20:32] testing.DEBUG: step.completed {"character_id":316,"request_id":16,"step_name":"global_event_participation","status":"completed","source_type":"guide_quest","source_id":"guide_quest:316:8","attempts":1} 
[2026-09-12 20:20:32] testing.DEBUG: step.started {"character_id":316,"request_id":16,"step_name":"xp","status":"running","source_type":"guide_quest","source_id":"guide_quest:316:8","attempts":1} 
[2026-09-12 20:20:32] testing.DEBUG: step.completed {"character_id":316,"request_id":16,"step_name":"xp","status":"completed","source_type":"guide_quest","source_id":"guide_quest:316:8","attempts":1} 
[2026-09-12 20:20:32] testing.DEBUG: step.started {"character_id":316,"request_id":16,"step_name":"gem_world_rewards","status":"running","source_type":"guide_quest","source_id":"guide_quest:316:8","attempts":1} 
[2026-09-12 20:20:32] testing.DEBUG: step.completed {"character_id":316,"request_id":16,"step_name":"gem_world_rewards","status":"completed","source_type":"guide_quest","source_id":"guide_quest:316:8","attempts":1} 
[2026-09-12 20:20:32] testing.DEBUG: step.started {"character_id":316,"request_id":16,"step_name":"exploration_context","status":"running","source_type":"guide_quest","source_id":"guide_quest:316:8","attempts":1} 
[2026-09-12 20:20:32] testing.DEBUG: step.completed {"character_id":316,"request_id":16,"step_name":"exploration_context","status":"completed","source_type":"guide_quest","source_id":"guide_quest:316:8","attempts":1} 
[2026-09-12 20:20:32] testing.DEBUG: step.started {"character_id":316,"request_id":16,"step_name":"winter_event","status":"running","source_type":"guide_quest","source_id":"guide_quest:316:8","attempts":1} 
[2026-09-12 20:20:32] testing.DEBUG: step.completed {"character_id":316,"request_id":16,"step_name":"winter_event","status":"completed","source_type":"guide_quest","source_id":"guide_quest:316:8","attempts":1} 
[2026-09-12 20:20:32] testing.DEBUG: step.started {"character_id":316,"request_id":16,"step_name":"final_player_updates","status":"running","source_type":"guide_quest","source_id":"guide_quest:316:8","attempts":1} 
[2026-09-12 20:20:32] testing.DEBUG: step.completed {"character_id":316,"request_id":16,"step_name":"final_player_updates","status":"completed","source_type":"guide_quest","source_id":"guide_quest:316:8","attempts":1} 
[2026-09-12 20:20:32] testing.DEBUG: step.started {"character_id":316,"request_id":16,"step_name":"message_outbox","status":"running","source_type":"guide_quest","source_id":"guide_quest:316:8","attempts":1} 
[2026-09-12 20:20:32] testing.DEBUG: step.completed {"character_id":316,"request_id":16,"step_name":"message_outbox","status":"completed","source_type":"guide_quest","source_id":"guide_quest:316:8","attempts":1} 
[2026-09-12 20:20:32] testing.DEBUG: step.created {"character_id":317,"request_id":17,"step_name":"build_reward_plan","status":"pending","source_type":"guide_quest","source_id":"guide_quest:317:9"} 
[2026-09-12 20:20:32] testing.DEBUG: step.created {"character_id":317,"request_id":17,"step_name":"skill_points","status":"pending","source_type":"guide_quest","source_id":"guide_quest:317:9"} 
[2026-09-12 20:20:32] testing.DEBUG: step.created {"character_id":317,"request_id":17,"step_name":"faction_points","status":"pending","source_type":"guide_quest","source_id":"guide_quest:317:9"} 
[2026-09-12 20:20:32] testing.DEBUG: step.created {"character_id":317,"request_id":17,"step_name":"faction_loyalty_bounty","status":"pending","source_type":"guide_quest","source_id":"guide_quest:317:9"} 
[2026-09-12 20:20:32] testing.DEBUG: step.created {"character_id":317,"request_id":17,"step_name":"currency_rewards","status":"pending","source_type":"guide_quest","source_id":"guide_quest:317:9"} 
[2026-09-12 20:20:32] testing.DEBUG: step.created {"character_id":317,"request_id":17,"step_name":"specific_location_rewards","status":"pending","source_type":"guide_quest","source_id":"guide_quest:317:9"} 
[2026-09-12 20:20:32] testing.DEBUG: step.created {"character_id":317,"request_id":17,"step_name":"item_drops","status":"pending","source_type":"guide_quest","source_id":"guide_quest:317:9"} 
[2026-09-12 20:20:32] testing.DEBUG: step.created {"character_id":317,"request_id":17,"step_name":"weekly_rewards","status":"pending","source_type":"guide_quest","source_id":"guide_quest:317:9"} 
[2026-09-12 20:20:32] testing.DEBUG: step.created {"character_id":317,"request_id":17,"step_name":"secondary_rewards","status":"pending","source_type":"guide_quest","source_id":"guide_quest:317:9"} 
[2026-09-12 20:20:32] testing.DEBUG: step.created {"character_id":317,"request_id":17,"step_name":"global_event_participation","status":"pending","source_type":"guide_quest","source_id":"guide_quest:317:9"} 
[2026-09-12 20:20:32] testing.DEBUG: step.created {"character_id":317,"request_id":17,"step_name":"xp","status":"pending","source_type":"guide_quest","source_id":"guide_quest:317:9"} 
[2026-09-12 20:20:32] testing.DEBUG: step.created {"character_id":317,"request_id":17,"step_name":"gem_world_rewards","status":"pending","source_type":"guide_quest","source_id":"guide_quest:317:9"} 
[2026-09-12 20:20:32] testing.DEBUG: step.created {"character_id":317,"request_id":17,"step_name":"exploration_context","status":"pending","source_type":"guide_quest","source_id":"guide_quest:317:9"} 
[2026-09-12 20:20:32] testing.DEBUG: step.created {"character_id":317,"request_id":17,"step_name":"winter_event","status":"pending","source_type":"guide_quest","source_id":"guide_quest:317:9"} 
[2026-09-12 20:20:32] testing.DEBUG: step.created {"character_id":317,"request_id":17,"step_name":"final_player_updates","status":"pending","source_type":"guide_quest","source_id":"guide_quest:317:9"} 
[2026-09-12 20:20:32] testing.DEBUG: step.created {"character_id":317,"request_id":17,"step_name":"message_outbox","status":"pending","source_type":"guide_quest","source_id":"guide_quest:317:9"} 
[2026-09-12 20:20:32] testing.DEBUG: ledger.created {"character_id":317,"request_id":17,"status":"created","source_type":"guide_quest","source_id":"guide_quest:317:9"} 
[2026-09-12 20:20:32] testing.DEBUG: step.started {"character_id":317,"request_id":17,"step_name":"build_reward_plan","status":"running","source_type":"guide_quest","source_id":"guide_quest:317:9","attempts":1} 
[2026-09-12 20:20:32] testing.DEBUG: step.completed {"character_id":317,"request_id":17,"step_name":"build_reward_plan","status":"completed","source_type":"guide_quest","source_id":"guide_quest:317:9","attempts":1} 
[2026-09-12 20:20:32] testing.DEBUG: step.started {"character_id":317,"request_id":17,"step_name":"skill_points","status":"running","source_type":"guide_quest","source_id":"guide_quest:317:9","attempts":1} 
[2026-09-12 20:20:32] testing.DEBUG: step.completed {"character_id":317,"request_id":17,"step_name":"skill_points","status":"completed","source_type":"guide_quest","source_id":"guide_quest:317:9","attempts":1} 
[2026-09-12 20:20:32] testing.DEBUG: step.started {"character_id":317,"request_id":17,"step_name":"faction_points","status":"running","source_type":"guide_quest","source_id":"guide_quest:317:9","attempts":1} 
[2026-09-12 20:20:32] testing.DEBUG: step.completed {"character_id":317,"request_id":17,"step_name":"faction_points","status":"completed","source_type":"guide_quest","source_id":"guide_quest:317:9","attempts":1} 
[2026-09-12 20:20:32] testing.DEBUG: step.started {"character_id":317,"request_id":17,"step_name":"faction_loyalty_bounty","status":"running","source_type":"guide_quest","source_id":"guide_quest:317:9","attempts":1} 
[2026-09-12 20:20:32] testing.DEBUG: step.completed {"character_id":317,"request_id":17,"step_name":"faction_loyalty_bounty","status":"completed","source_type":"guide_quest","source_id":"guide_quest:317:9","attempts":1} 
[2026-09-12 20:20:32] testing.DEBUG: step.started {"character_id":317,"request_id":17,"step_name":"currency_rewards","status":"running","source_type":"guide_quest","source_id":"guide_quest:317:9","attempts":1} 
[2026-09-12 20:20:32] testing.DEBUG: step.completed {"character_id":317,"request_id":17,"step_name":"currency_rewards","status":"completed","source_type":"guide_quest","source_id":"guide_quest:317:9","attempts":1} 
[2026-09-12 20:20:32] testing.DEBUG: step.started {"character_id":317,"request_id":17,"step_name":"specific_location_rewards","status":"running","source_type":"guide_quest","source_id":"guide_quest:317:9","attempts":1} 
[2026-09-12 20:20:32] testing.DEBUG: step.completed {"character_id":317,"request_id":17,"step_name":"specific_location_rewards","status":"completed","source_type":"guide_quest","source_id":"guide_quest:317:9","attempts":1} 
[2026-09-12 20:20:32] testing.DEBUG: step.started {"character_id":317,"request_id":17,"step_name":"item_drops","status":"running","source_type":"guide_quest","source_id":"guide_quest:317:9","attempts":1} 
[2026-09-12 20:20:32] testing.DEBUG: step.completed {"character_id":317,"request_id":17,"step_name":"item_drops","status":"completed","source_type":"guide_quest","source_id":"guide_quest:317:9","attempts":1} 
[2026-09-12 20:20:33] testing.DEBUG: step.started {"character_id":317,"request_id":17,"step_name":"weekly_rewards","status":"running","source_type":"guide_quest","source_id":"guide_quest:317:9","attempts":1} 
[2026-09-12 20:20:33] testing.DEBUG: step.completed {"character_id":317,"request_id":17,"step_name":"weekly_rewards","status":"completed","source_type":"guide_quest","source_id":"guide_quest:317:9","attempts":1} 
[2026-09-12 20:20:33] testing.DEBUG: step.started {"character_id":317,"request_id":17,"step_name":"secondary_rewards","status":"running","source_type":"guide_quest","source_id":"guide_quest:317:9","attempts":1} 
[2026-09-12 20:20:33] testing.DEBUG: step.completed {"character_id":317,"request_id":17,"step_name":"secondary_rewards","status":"completed","source_type":"guide_quest","source_id":"guide_quest:317:9","attempts":1} 
[2026-09-12 20:20:33] testing.DEBUG: step.started {"character_id":317,"request_id":17,"step_name":"global_event_participation","status":"running","source_type":"guide_quest","source_id":"guide_quest:317:9","attempts":1} 
[2026-09-12 20:20:33] testing.DEBUG: step.completed {"character_id":317,"request_id":17,"step_name":"global_event_participation","status":"completed","source_type":"guide_quest","source_id":"guide_quest:317:9","attempts":1} 
[2026-09-12 20:20:33] testing.DEBUG: step.started {"character_id":317,"request_id":17,"step_name":"xp","status":"running","source_type":"guide_quest","source_id":"guide_quest:317:9","attempts":1} 
[2026-09-12 20:20:33] testing.DEBUG: step.completed {"character_id":317,"request_id":17,"step_name":"xp","status":"completed","source_type":"guide_quest","source_id":"guide_quest:317:9","attempts":1} 
[2026-09-12 20:20:33] testing.DEBUG: step.started {"character_id":317,"request_id":17,"step_name":"gem_world_rewards","status":"running","source_type":"guide_quest","source_id":"guide_quest:317:9","attempts":1} 
[2026-09-12 20:20:33] testing.DEBUG: step.completed {"character_id":317,"request_id":17,"step_name":"gem_world_rewards","status":"completed","source_type":"guide_quest","source_id":"guide_quest:317:9","attempts":1} 
[2026-09-12 20:20:33] testing.DEBUG: step.started {"character_id":317,"request_id":17,"step_name":"exploration_context","status":"running","source_type":"guide_quest","source_id":"guide_quest:317:9","attempts":1} 
[2026-09-12 20:20:33] testing.DEBUG: step.completed {"character_id":317,"request_id":17,"step_name":"exploration_context","status":"completed","source_type":"guide_quest","source_id":"guide_quest:317:9","attempts":1} 
[2026-09-12 20:20:33] testing.DEBUG: step.started {"character_id":317,"request_id":17,"step_name":"winter_event","status":"running","source_type":"guide_quest","source_id":"guide_quest:317:9","attempts":1} 
[2026-09-12 20:20:33] testing.DEBUG: step.completed {"character_id":317,"request_id":17,"step_name":"winter_event","status":"completed","source_type":"guide_quest","source_id":"guide_quest:317:9","attempts":1} 
[2026-09-12 20:20:33] testing.DEBUG: step.started {"character_id":317,"request_id":17,"step_name":"final_player_updates","status":"running","source_type":"guide_quest","source_id":"guide_quest:317:9","attempts":1} 
[2026-09-12 20:20:33] testing.DEBUG: step.completed {"character_id":317,"request_id":17,"step_name":"final_player_updates","status":"completed","source_type":"guide_quest","source_id":"guide_quest:317:9","attempts":1} 
[2026-09-12 20:20:33] testing.DEBUG: step.started {"character_id":317,"request_id":17,"step_name":"message_outbox","status":"running","source_type":"guide_quest","source_id":"guide_quest:317:9","attempts":1} 
[2026-09-12 20:20:33] testing.DEBUG: step.completed {"character_id":317,"request_id":17,"step_name":"message_outbox","status":"completed","source_type":"guide_quest","source_id":"guide_quest:317:9","attempts":1} 
[2026-09-12 20:20:34] testing.DEBUG: step.created {"character_id":318,"request_id":18,"step_name":"build_reward_plan","status":"pending","source_type":"guide_quest","source_id":"guide_quest:318:10"} 
[2026-09-12 20:20:34] testing.DEBUG: step.created {"character_id":318,"request_id":18,"step_name":"skill_points","status":"pending","source_type":"guide_quest","source_id":"guide_quest:318:10"} 
[2026-09-12 20:20:34] testing.DEBUG: step.created {"character_id":318,"request_id":18,"step_name":"faction_points","status":"pending","source_type":"guide_quest","source_id":"guide_quest:318:10"} 
[2026-09-12 20:20:34] testing.DEBUG: step.created {"character_id":318,"request_id":18,"step_name":"faction_loyalty_bounty","status":"pending","source_type":"guide_quest","source_id":"guide_quest:318:10"} 
[2026-09-12 20:20:34] testing.DEBUG: step.created {"character_id":318,"request_id":18,"step_name":"currency_rewards","status":"pending","source_type":"guide_quest","source_id":"guide_quest:318:10"} 
[2026-09-12 20:20:34] testing.DEBUG: step.created {"character_id":318,"request_id":18,"step_name":"specific_location_rewards","status":"pending","source_type":"guide_quest","source_id":"guide_quest:318:10"} 
[2026-09-12 20:20:34] testing.DEBUG: step.created {"character_id":318,"request_id":18,"step_name":"item_drops","status":"pending","source_type":"guide_quest","source_id":"guide_quest:318:10"} 
[2026-09-12 20:20:34] testing.DEBUG: step.created {"character_id":318,"request_id":18,"step_name":"weekly_rewards","status":"pending","source_type":"guide_quest","source_id":"guide_quest:318:10"} 
[2026-09-12 20:20:34] testing.DEBUG: step.created {"character_id":318,"request_id":18,"step_name":"secondary_rewards","status":"pending","source_type":"guide_quest","source_id":"guide_quest:318:10"} 
[2026-09-12 20:20:34] testing.DEBUG: step.created {"character_id":318,"request_id":18,"step_name":"global_event_participation","status":"pending","source_type":"guide_quest","source_id":"guide_quest:318:10"} 
[2026-09-12 20:20:34] testing.DEBUG: step.created {"character_id":318,"request_id":18,"step_name":"xp","status":"pending","source_type":"guide_quest","source_id":"guide_quest:318:10"} 
[2026-09-12 20:20:34] testing.DEBUG: step.created {"character_id":318,"request_id":18,"step_name":"gem_world_rewards","status":"pending","source_type":"guide_quest","source_id":"guide_quest:318:10"} 
[2026-09-12 20:20:34] testing.DEBUG: step.created {"character_id":318,"request_id":18,"step_name":"exploration_context","status":"pending","source_type":"guide_quest","source_id":"guide_quest:318:10"} 
[2026-09-12 20:20:34] testing.DEBUG: step.created {"character_id":318,"request_id":18,"step_name":"winter_event","status":"pending","source_type":"guide_quest","source_id":"guide_quest:318:10"} 
[2026-09-12 20:20:34] testing.DEBUG: step.created {"character_id":318,"request_id":18,"step_name":"final_player_updates","status":"pending","source_type":"guide_quest","source_id":"guide_quest:318:10"} 
[2026-09-12 20:20:34] testing.DEBUG: step.created {"character_id":318,"request_id":18,"step_name":"message_outbox","status":"pending","source_type":"guide_quest","source_id":"guide_quest:318:10"} 
[2026-09-12 20:20:34] testing.DEBUG: ledger.created {"character_id":318,"request_id":18,"status":"created","source_type":"guide_quest","source_id":"guide_quest:318:10"} 
[2026-09-12 20:20:34] testing.DEBUG: step.started {"character_id":318,"request_id":18,"step_name":"build_reward_plan","status":"running","source_type":"guide_quest","source_id":"guide_quest:318:10","attempts":1} 
[2026-09-12 20:20:34] testing.DEBUG: step.completed {"character_id":318,"request_id":18,"step_name":"build_reward_plan","status":"completed","source_type":"guide_quest","source_id":"guide_quest:318:10","attempts":1} 
[2026-09-12 20:20:34] testing.DEBUG: step.started {"character_id":318,"request_id":18,"step_name":"skill_points","status":"running","source_type":"guide_quest","source_id":"guide_quest:318:10","attempts":1} 
[2026-09-12 20:20:34] testing.DEBUG: step.completed {"character_id":318,"request_id":18,"step_name":"skill_points","status":"completed","source_type":"guide_quest","source_id":"guide_quest:318:10","attempts":1} 
[2026-09-12 20:20:34] testing.DEBUG: step.started {"character_id":318,"request_id":18,"step_name":"faction_points","status":"running","source_type":"guide_quest","source_id":"guide_quest:318:10","attempts":1} 
[2026-09-12 20:20:34] testing.DEBUG: step.completed {"character_id":318,"request_id":18,"step_name":"faction_points","status":"completed","source_type":"guide_quest","source_id":"guide_quest:318:10","attempts":1} 
[2026-09-12 20:20:34] testing.DEBUG: step.started {"character_id":318,"request_id":18,"step_name":"faction_loyalty_bounty","status":"running","source_type":"guide_quest","source_id":"guide_quest:318:10","attempts":1} 
[2026-09-12 20:20:34] testing.DEBUG: step.completed {"character_id":318,"request_id":18,"step_name":"faction_loyalty_bounty","status":"completed","source_type":"guide_quest","source_id":"guide_quest:318:10","attempts":1} 
[2026-09-12 20:20:34] testing.DEBUG: step.started {"character_id":318,"request_id":18,"step_name":"currency_rewards","status":"running","source_type":"guide_quest","source_id":"guide_quest:318:10","attempts":1} 
[2026-09-12 20:20:34] testing.DEBUG: step.completed {"character_id":318,"request_id":18,"step_name":"currency_rewards","status":"completed","source_type":"guide_quest","source_id":"guide_quest:318:10","attempts":1} 
[2026-09-12 20:20:34] testing.DEBUG: step.started {"character_id":318,"request_id":18,"step_name":"specific_location_rewards","status":"running","source_type":"guide_quest","source_id":"guide_quest:318:10","attempts":1} 
[2026-09-12 20:20:34] testing.DEBUG: step.completed {"character_id":318,"request_id":18,"step_name":"specific_location_rewards","status":"completed","source_type":"guide_quest","source_id":"guide_quest:318:10","attempts":1} 
[2026-09-12 20:20:34] testing.DEBUG: step.started {"character_id":318,"request_id":18,"step_name":"item_drops","status":"running","source_type":"guide_quest","source_id":"guide_quest:318:10","attempts":1} 
[2026-09-12 20:20:34] testing.DEBUG: step.completed {"character_id":318,"request_id":18,"step_name":"item_drops","status":"completed","source_type":"guide_quest","source_id":"guide_quest:318:10","attempts":1} 
[2026-09-12 20:20:34] testing.DEBUG: step.started {"character_id":318,"request_id":18,"step_name":"weekly_rewards","status":"running","source_type":"guide_quest","source_id":"guide_quest:318:10","attempts":1} 
[2026-09-12 20:20:34] testing.DEBUG: step.completed {"character_id":318,"request_id":18,"step_name":"weekly_rewards","status":"completed","source_type":"guide_quest","source_id":"guide_quest:318:10","attempts":1} 
[2026-09-12 20:20:34] testing.DEBUG: step.started {"character_id":318,"request_id":18,"step_name":"secondary_rewards","status":"running","source_type":"guide_quest","source_id":"guide_quest:318:10","attempts":1} 
[2026-09-12 20:20:34] testing.DEBUG: step.completed {"character_id":318,"request_id":18,"step_name":"secondary_rewards","status":"completed","source_type":"guide_quest","source_id":"guide_quest:318:10","attempts":1} 
[2026-09-12 20:20:34] testing.DEBUG: step.started {"character_id":318,"request_id":18,"step_name":"global_event_participation","status":"running","source_type":"guide_quest","source_id":"guide_quest:318:10","attempts":1} 
[2026-09-12 20:20:34] testing.DEBUG: step.completed {"character_id":318,"request_id":18,"step_name":"global_event_participation","status":"completed","source_type":"guide_quest","source_id":"guide_quest:318:10","attempts":1} 
[2026-09-12 20:20:34] testing.DEBUG: step.started {"character_id":318,"request_id":18,"step_name":"xp","status":"running","source_type":"guide_quest","source_id":"guide_quest:318:10","attempts":1} 
[2026-09-12 20:20:34] testing.DEBUG: step.completed {"character_id":318,"request_id":18,"step_name":"xp","status":"completed","source_type":"guide_quest","source_id":"guide_quest:318:10","attempts":1} 
[2026-09-12 20:20:34] testing.DEBUG: step.started {"character_id":318,"request_id":18,"step_name":"gem_world_rewards","status":"running","source_type":"guide_quest","source_id":"guide_quest:318:10","attempts":1} 
[2026-09-12 20:20:34] testing.DEBUG: step.completed {"character_id":318,"request_id":18,"step_name":"gem_world_rewards","status":"completed","source_type":"guide_quest","source_id":"guide_quest:318:10","attempts":1} 
[2026-09-12 20:20:34] testing.DEBUG: step.started {"character_id":318,"request_id":18,"step_name":"exploration_context","status":"running","source_type":"guide_quest","source_id":"guide_quest:318:10","attempts":1} 
[2026-09-12 20:20:34] testing.DEBUG: step.completed {"character_id":318,"request_id":18,"step_name":"exploration_context","status":"completed","source_type":"guide_quest","source_id":"guide_quest:318:10","attempts":1} 
[2026-09-12 20:20:34] testing.DEBUG: step.started {"character_id":318,"request_id":18,"step_name":"winter_event","status":"running","source_type":"guide_quest","source_id":"guide_quest:318:10","attempts":1} 
[2026-09-12 20:20:34] testing.DEBUG: step.completed {"character_id":318,"request_id":18,"step_name":"winter_event","status":"completed","source_type":"guide_quest","source_id":"guide_quest:318:10","attempts":1} 
[2026-09-12 20:20:34] testing.DEBUG: step.started {"character_id":318,"request_id":18,"step_name":"final_player_updates","status":"running","source_type":"guide_quest","source_id":"guide_quest:318:10","attempts":1} 
[2026-09-12 20:20:34] testing.DEBUG: step.completed {"character_id":318,"request_id":18,"step_name":"final_player_updates","status":"completed","source_type":"guide_quest","source_id":"guide_quest:318:10","attempts":1} 
[2026-09-12 20:20:34] testing.DEBUG: step.started {"character_id":318,"request_id":18,"step_name":"message_outbox","status":"running","source_type":"guide_quest","source_id":"guide_quest:318:10","attempts":1} 
[2026-09-12 20:20:34] testing.DEBUG: step.completed {"character_id":318,"request_id":18,"step_name":"message_outbox","status":"completed","source_type":"guide_quest","source_id":"guide_quest:318:10","attempts":1} 
[2026-09-12 20:27:45] testing.DEBUG: faction_loyalty.reward_request.created {"character_id":1950,"request_id":25,"source_id":"faction_loyalty:1950:399:1","faction_loyalty_npc_id":399,"reward_level":1} 
[2026-09-12 20:27:45] testing.DEBUG: faction_loyalty.reward_request.created {"character_id":1951,"request_id":26,"source_id":"faction_loyalty:1951:400:1","faction_loyalty_npc_id":400,"reward_level":1} 
[2026-09-12 20:27:45] testing.DEBUG: faction_loyalty.reward_request.created {"character_id":1952,"request_id":27,"source_id":"faction_loyalty:1952:401:1","faction_loyalty_npc_id":401,"reward_level":1} 
[2026-09-12 20:27:45] testing.DEBUG: faction_loyalty.reward_request.created {"character_id":1953,"request_id":28,"source_id":"faction_loyalty:1953:402:24","faction_loyalty_npc_id":402,"reward_level":24} 
[2026-09-12 20:27:46] testing.DEBUG: faction_loyalty.reward_request.created {"character_id":1956,"request_id":29,"source_id":"faction_loyalty:1956:404:0","faction_loyalty_npc_id":404,"reward_level":0} 
[2026-09-12 20:27:46] testing.DEBUG: faction_loyalty.reward_request.created {"character_id":1957,"request_id":30,"source_id":"faction_loyalty:1957:405:1","faction_loyalty_npc_id":405,"reward_level":1} 
[2026-09-12 20:27:46] testing.DEBUG: faction_loyalty.reward_request.created {"character_id":1957,"request_id":31,"source_id":"faction_loyalty:1957:405:2","faction_loyalty_npc_id":405,"reward_level":2} 
[2026-09-12 20:27:48] testing.DEBUG: step.created {"character_id":1964,"request_id":32,"step_name":"build_reward_plan","status":"pending","source_type":"battle"} 
[2026-09-12 20:27:48] testing.DEBUG: step.created {"character_id":1964,"request_id":32,"step_name":"skill_points","status":"pending","source_type":"battle"} 
[2026-09-12 20:27:48] testing.DEBUG: step.created {"character_id":1964,"request_id":32,"step_name":"faction_points","status":"pending","source_type":"battle"} 
[2026-09-12 20:27:48] testing.DEBUG: step.created {"character_id":1964,"request_id":32,"step_name":"faction_loyalty_bounty","status":"pending","source_type":"battle"} 
[2026-09-12 20:27:48] testing.DEBUG: step.created {"character_id":1964,"request_id":32,"step_name":"currency_rewards","status":"pending","source_type":"battle"} 
[2026-09-12 20:27:48] testing.DEBUG: step.created {"character_id":1964,"request_id":32,"step_name":"specific_location_rewards","status":"pending","source_type":"battle"} 
[2026-09-12 20:27:48] testing.DEBUG: step.created {"character_id":1964,"request_id":32,"step_name":"item_drops","status":"pending","source_type":"battle"} 
[2026-09-12 20:27:48] testing.DEBUG: step.created {"character_id":1964,"request_id":32,"step_name":"weekly_rewards","status":"pending","source_type":"battle"} 
[2026-09-12 20:27:48] testing.DEBUG: step.created {"character_id":1964,"request_id":32,"step_name":"secondary_rewards","status":"pending","source_type":"battle"} 
[2026-09-12 20:27:48] testing.DEBUG: step.created {"character_id":1964,"request_id":32,"step_name":"global_event_participation","status":"pending","source_type":"battle"} 
[2026-09-12 20:27:48] testing.DEBUG: step.created {"character_id":1964,"request_id":32,"step_name":"xp","status":"pending","source_type":"battle"} 
[2026-09-12 20:27:48] testing.DEBUG: step.created {"character_id":1964,"request_id":32,"step_name":"gem_world_rewards","status":"pending","source_type":"battle"} 
[2026-09-12 20:27:48] testing.DEBUG: step.created {"character_id":1964,"request_id":32,"step_name":"exploration_context","status":"pending","source_type":"battle"} 
[2026-09-12 20:27:48] testing.DEBUG: step.created {"character_id":1964,"request_id":32,"step_name":"winter_event","status":"pending","source_type":"battle"} 
[2026-09-12 20:27:48] testing.DEBUG: step.created {"character_id":1964,"request_id":32,"step_name":"final_player_updates","status":"pending","source_type":"battle"} 
[2026-09-12 20:27:48] testing.DEBUG: step.created {"character_id":1964,"request_id":32,"step_name":"message_outbox","status":"pending","source_type":"battle"} 
[2026-09-12 20:27:48] testing.DEBUG: ledger.created {"character_id":1964,"request_id":32,"status":"created","source_type":"battle"} 
[2026-09-12 20:27:48] testing.DEBUG: step.skipped_completed {"character_id":1964,"request_id":32,"step_name":"build_reward_plan","status":"completed","source_type":"battle","attempts":0} 
[2026-09-12 20:27:48] testing.DEBUG: step.skipped_completed {"character_id":1964,"request_id":32,"step_name":"skill_points","status":"completed","source_type":"battle","attempts":0} 
[2026-09-12 20:27:48] testing.DEBUG: step.skipped_completed {"character_id":1964,"request_id":32,"step_name":"faction_points","status":"completed","source_type":"battle","attempts":0} 
[2026-09-12 20:27:48] testing.DEBUG: step.skipped_completed {"character_id":1964,"request_id":32,"step_name":"faction_loyalty_bounty","status":"completed","source_type":"battle","attempts":0} 
[2026-09-12 20:27:48] testing.DEBUG: step.started {"character_id":1964,"request_id":32,"step_name":"currency_rewards","status":"running","source_type":"battle","attempts":1} 
[2026-09-12 20:27:48] testing.DEBUG: step.completed {"character_id":1964,"request_id":32,"step_name":"currency_rewards","status":"completed","source_type":"battle","attempts":1} 
[2026-09-12 20:27:48] testing.DEBUG: step.skipped_completed {"character_id":1964,"request_id":32,"step_name":"specific_location_rewards","status":"completed","source_type":"battle","attempts":0} 
[2026-09-12 20:27:48] testing.DEBUG: step.skipped_completed {"character_id":1964,"request_id":32,"step_name":"item_drops","status":"completed","source_type":"battle","attempts":0} 
[2026-09-12 20:27:48] testing.DEBUG: step.skipped_completed {"character_id":1964,"request_id":32,"step_name":"weekly_rewards","status":"completed","source_type":"battle","attempts":0} 
[2026-09-12 20:27:48] testing.DEBUG: step.skipped_completed {"character_id":1964,"request_id":32,"step_name":"secondary_rewards","status":"completed","source_type":"battle","attempts":0} 
[2026-09-12 20:27:48] testing.DEBUG: step.skipped_completed {"character_id":1964,"request_id":32,"step_name":"global_event_participation","status":"completed","source_type":"battle","attempts":0} 
[2026-09-12 20:27:48] testing.DEBUG: step.skipped_completed {"character_id":1964,"request_id":32,"step_name":"xp","status":"completed","source_type":"battle","attempts":0} 
[2026-09-12 20:27:48] testing.DEBUG: step.skipped_completed {"character_id":1964,"request_id":32,"step_name":"gem_world_rewards","status":"completed","source_type":"battle","attempts":0} 
[2026-09-12 20:27:48] testing.DEBUG: step.skipped_completed {"character_id":1964,"request_id":32,"step_name":"exploration_context","status":"completed","source_type":"battle","attempts":0} 
[2026-09-12 20:27:48] testing.DEBUG: step.skipped_completed {"character_id":1964,"request_id":32,"step_name":"winter_event","status":"completed","source_type":"battle","attempts":0} 
[2026-09-12 20:27:48] testing.DEBUG: step.skipped_completed {"character_id":1964,"request_id":32,"step_name":"final_player_updates","status":"completed","source_type":"battle","attempts":0} 
[2026-09-12 20:27:48] testing.DEBUG: step.skipped_completed {"character_id":1964,"request_id":32,"step_name":"message_outbox","status":"completed","source_type":"battle","attempts":0} 
[2026-09-12 20:27:48] testing.DEBUG: step.created {"character_id":1965,"request_id":33,"step_name":"build_reward_plan","status":"pending","source_type":"battle"} 
[2026-09-12 20:27:48] testing.DEBUG: step.created {"character_id":1965,"request_id":33,"step_name":"skill_points","status":"pending","source_type":"battle"} 
[2026-09-12 20:27:48] testing.DEBUG: step.created {"character_id":1965,"request_id":33,"step_name":"faction_points","status":"pending","source_type":"battle"} 
[2026-09-12 20:27:48] testing.DEBUG: step.created {"character_id":1965,"request_id":33,"step_name":"faction_loyalty_bounty","status":"pending","source_type":"battle"} 
[2026-09-12 20:27:48] testing.DEBUG: step.created {"character_id":1965,"request_id":33,"step_name":"currency_rewards","status":"pending","source_type":"battle"} 
[2026-09-12 20:27:48] testing.DEBUG: step.created {"character_id":1965,"request_id":33,"step_name":"specific_location_rewards","status":"pending","source_type":"battle"} 
[2026-09-12 20:27:48] testing.DEBUG: step.created {"character_id":1965,"request_id":33,"step_name":"item_drops","status":"pending","source_type":"battle"} 
[2026-09-12 20:27:48] testing.DEBUG: step.created {"character_id":1965,"request_id":33,"step_name":"weekly_rewards","status":"pending","source_type":"battle"} 
[2026-09-12 20:27:48] testing.DEBUG: step.created {"character_id":1965,"request_id":33,"step_name":"secondary_rewards","status":"pending","source_type":"battle"} 
[2026-09-12 20:27:48] testing.DEBUG: step.created {"character_id":1965,"request_id":33,"step_name":"global_event_participation","status":"pending","source_type":"battle"} 
[2026-09-12 20:27:48] testing.DEBUG: step.created {"character_id":1965,"request_id":33,"step_name":"xp","status":"pending","source_type":"battle"} 
[2026-09-12 20:27:48] testing.DEBUG: step.created {"character_id":1965,"request_id":33,"step_name":"gem_world_rewards","status":"pending","source_type":"battle"} 
[2026-09-12 20:27:48] testing.DEBUG: step.created {"character_id":1965,"request_id":33,"step_name":"exploration_context","status":"pending","source_type":"battle"} 
[2026-09-12 20:27:48] testing.DEBUG: step.created {"character_id":1965,"request_id":33,"step_name":"winter_event","status":"pending","source_type":"battle"} 
[2026-09-12 20:27:48] testing.DEBUG: step.created {"character_id":1965,"request_id":33,"step_name":"final_player_updates","status":"pending","source_type":"battle"} 
[2026-09-12 20:27:48] testing.DEBUG: step.created {"character_id":1965,"request_id":33,"step_name":"message_outbox","status":"pending","source_type":"battle"} 
[2026-09-12 20:27:48] testing.DEBUG: ledger.created {"character_id":1965,"request_id":33,"status":"created","source_type":"battle"} 
[2026-09-12 20:27:48] testing.DEBUG: step.skipped_completed {"character_id":1965,"request_id":33,"step_name":"build_reward_plan","status":"completed","source_type":"battle","attempts":0} 
[2026-09-12 20:27:48] testing.DEBUG: step.skipped_completed {"character_id":1965,"request_id":33,"step_name":"skill_points","status":"completed","source_type":"battle","attempts":0} 
[2026-09-12 20:27:48] testing.DEBUG: step.skipped_completed {"character_id":1965,"request_id":33,"step_name":"faction_points","status":"completed","source_type":"battle","attempts":0} 
[2026-09-12 20:27:48] testing.DEBUG: step.skipped_completed {"character_id":1965,"request_id":33,"step_name":"faction_loyalty_bounty","status":"completed","source_type":"battle","attempts":0} 
[2026-09-12 20:27:48] testing.DEBUG: step.skipped_completed {"character_id":1965,"request_id":33,"step_name":"currency_rewards","status":"completed","source_type":"battle","attempts":0} 
[2026-09-12 20:27:48] testing.DEBUG: step.skipped_completed {"character_id":1965,"request_id":33,"step_name":"specific_location_rewards","status":"completed","source_type":"battle","attempts":0} 
[2026-09-12 20:27:48] testing.DEBUG: step.skipped_completed {"character_id":1965,"request_id":33,"step_name":"item_drops","status":"completed","source_type":"battle","attempts":0} 
[2026-09-12 20:27:48] testing.DEBUG: step.skipped_completed {"character_id":1965,"request_id":33,"step_name":"weekly_rewards","status":"completed","source_type":"battle","attempts":0} 
[2026-09-12 20:27:48] testing.DEBUG: step.skipped_completed {"character_id":1965,"request_id":33,"step_name":"secondary_rewards","status":"completed","source_type":"battle","attempts":0} 
[2026-09-12 20:27:48] testing.DEBUG: step.skipped_completed {"character_id":1965,"request_id":33,"step_name":"global_event_participation","status":"completed","source_type":"battle","attempts":0} 
[2026-09-12 20:27:48] testing.DEBUG: step.skipped_completed {"character_id":1965,"request_id":33,"step_name":"xp","status":"completed","source_type":"battle","attempts":0} 
[2026-09-12 20:27:48] testing.DEBUG: step.skipped_completed {"character_id":1965,"request_id":33,"step_name":"gem_world_rewards","status":"completed","source_type":"battle","attempts":0} 
[2026-09-12 20:27:48] testing.DEBUG: step.skipped_completed {"character_id":1965,"request_id":33,"step_name":"exploration_context","status":"completed","source_type":"battle","attempts":0} 
[2026-09-12 20:27:48] testing.DEBUG: step.skipped_completed {"character_id":1965,"request_id":33,"step_name":"winter_event","status":"completed","source_type":"battle","attempts":0} 
[2026-09-12 20:27:48] testing.DEBUG: step.skipped_completed {"character_id":1965,"request_id":33,"step_name":"final_player_updates","status":"completed","source_type":"battle","attempts":0} 
[2026-09-12 20:27:48] testing.DEBUG: step.skipped_completed {"character_id":1965,"request_id":33,"step_name":"message_outbox","status":"completed","source_type":"battle","attempts":0} 
[2026-09-12 20:27:49] testing.DEBUG: step.created {"character_id":1966,"request_id":34,"step_name":"build_reward_plan","status":"pending","source_type":"battle"} 
[2026-09-12 20:27:49] testing.DEBUG: step.created {"character_id":1966,"request_id":34,"step_name":"skill_points","status":"pending","source_type":"battle"} 
[2026-09-12 20:27:49] testing.DEBUG: step.created {"character_id":1966,"request_id":34,"step_name":"faction_points","status":"pending","source_type":"battle"} 
[2026-09-12 20:27:49] testing.DEBUG: step.created {"character_id":1966,"request_id":34,"step_name":"faction_loyalty_bounty","status":"pending","source_type":"battle"} 
[2026-09-12 20:27:49] testing.DEBUG: step.created {"character_id":1966,"request_id":34,"step_name":"currency_rewards","status":"pending","source_type":"battle"} 
[2026-09-12 20:27:49] testing.DEBUG: step.created {"character_id":1966,"request_id":34,"step_name":"specific_location_rewards","status":"pending","source_type":"battle"} 
[2026-09-12 20:27:49] testing.DEBUG: step.created {"character_id":1966,"request_id":34,"step_name":"item_drops","status":"pending","source_type":"battle"} 
[2026-09-12 20:27:49] testing.DEBUG: step.created {"character_id":1966,"request_id":34,"step_name":"weekly_rewards","status":"pending","source_type":"battle"} 
[2026-09-12 20:27:49] testing.DEBUG: step.created {"character_id":1966,"request_id":34,"step_name":"secondary_rewards","status":"pending","source_type":"battle"} 
[2026-09-12 20:27:49] testing.DEBUG: step.created {"character_id":1966,"request_id":34,"step_name":"global_event_participation","status":"pending","source_type":"battle"} 
[2026-09-12 20:27:49] testing.DEBUG: step.created {"character_id":1966,"request_id":34,"step_name":"xp","status":"pending","source_type":"battle"} 
[2026-09-12 20:27:49] testing.DEBUG: step.created {"character_id":1966,"request_id":34,"step_name":"gem_world_rewards","status":"pending","source_type":"battle"} 
[2026-09-12 20:27:49] testing.DEBUG: step.created {"character_id":1966,"request_id":34,"step_name":"exploration_context","status":"pending","source_type":"battle"} 
[2026-09-12 20:27:49] testing.DEBUG: step.created {"character_id":1966,"request_id":34,"step_name":"winter_event","status":"pending","source_type":"battle"} 
[2026-09-12 20:27:49] testing.DEBUG: step.created {"character_id":1966,"request_id":34,"step_name":"final_player_updates","status":"pending","source_type":"battle"} 
[2026-09-12 20:27:49] testing.DEBUG: step.created {"character_id":1966,"request_id":34,"step_name":"message_outbox","status":"pending","source_type":"battle"} 
[2026-09-12 20:27:49] testing.DEBUG: ledger.created {"character_id":1966,"request_id":34,"status":"created","source_type":"battle"} 
[2026-09-12 20:27:49] testing.DEBUG: step.skipped_completed {"character_id":1966,"request_id":34,"step_name":"build_reward_plan","status":"completed","source_type":"battle","attempts":0} 
[2026-09-12 20:27:49] testing.DEBUG: step.skipped_completed {"character_id":1966,"request_id":34,"step_name":"skill_points","status":"completed","source_type":"battle","attempts":0} 
[2026-09-12 20:27:49] testing.DEBUG: step.skipped_completed {"character_id":1966,"request_id":34,"step_name":"faction_points","status":"completed","source_type":"battle","attempts":0} 
[2026-09-12 20:27:49] testing.DEBUG: step.skipped_completed {"character_id":1966,"request_id":34,"step_name":"faction_loyalty_bounty","status":"completed","source_type":"battle","attempts":0} 
[2026-09-12 20:27:49] testing.DEBUG: step.started {"character_id":1966,"request_id":34,"step_name":"currency_rewards","status":"running","source_type":"battle","attempts":1} 
[2026-09-12 20:27:49] testing.DEBUG: step.failed {"character_id":1966,"request_id":34,"step_name":"currency_rewards","status":"failed","source_type":"battle","attempts":1,"exception_class":"RuntimeException","exception_message":"after plan"} 
[2026-09-12 20:27:49] testing.DEBUG: step.created {"character_id":1967,"request_id":35,"step_name":"build_reward_plan","status":"pending","source_type":"battle"} 
[2026-09-12 20:27:49] testing.DEBUG: step.created {"character_id":1967,"request_id":35,"step_name":"skill_points","status":"pending","source_type":"battle"} 
[2026-09-12 20:27:49] testing.DEBUG: step.created {"character_id":1967,"request_id":35,"step_name":"faction_points","status":"pending","source_type":"battle"} 
[2026-09-12 20:27:49] testing.DEBUG: step.created {"character_id":1967,"request_id":35,"step_name":"faction_loyalty_bounty","status":"pending","source_type":"battle"} 
[2026-09-12 20:27:49] testing.DEBUG: step.created {"character_id":1967,"request_id":35,"step_name":"currency_rewards","status":"pending","source_type":"battle"} 
[2026-09-12 20:27:49] testing.DEBUG: step.created {"character_id":1967,"request_id":35,"step_name":"specific_location_rewards","status":"pending","source_type":"battle"} 
[2026-09-12 20:27:49] testing.DEBUG: step.created {"character_id":1967,"request_id":35,"step_name":"item_drops","status":"pending","source_type":"battle"} 
[2026-09-12 20:27:49] testing.DEBUG: step.created {"character_id":1967,"request_id":35,"step_name":"weekly_rewards","status":"pending","source_type":"battle"} 
[2026-09-12 20:27:49] testing.DEBUG: step.created {"character_id":1967,"request_id":35,"step_name":"secondary_rewards","status":"pending","source_type":"battle"} 
[2026-09-12 20:27:49] testing.DEBUG: step.created {"character_id":1967,"request_id":35,"step_name":"global_event_participation","status":"pending","source_type":"battle"} 
[2026-09-12 20:27:49] testing.DEBUG: step.created {"character_id":1967,"request_id":35,"step_name":"xp","status":"pending","source_type":"battle"} 
[2026-09-12 20:27:49] testing.DEBUG: step.created {"character_id":1967,"request_id":35,"step_name":"gem_world_rewards","status":"pending","source_type":"battle"} 
[2026-09-12 20:27:49] testing.DEBUG: step.created {"character_id":1967,"request_id":35,"step_name":"exploration_context","status":"pending","source_type":"battle"} 
[2026-09-12 20:27:49] testing.DEBUG: step.created {"character_id":1967,"request_id":35,"step_name":"winter_event","status":"pending","source_type":"battle"} 
[2026-09-12 20:27:49] testing.DEBUG: step.created {"character_id":1967,"request_id":35,"step_name":"final_player_updates","status":"pending","source_type":"battle"} 
[2026-09-12 20:27:49] testing.DEBUG: step.created {"character_id":1967,"request_id":35,"step_name":"message_outbox","status":"pending","source_type":"battle"} 
[2026-09-12 20:27:49] testing.DEBUG: ledger.created {"character_id":1967,"request_id":35,"status":"created","source_type":"battle"} 
[2026-09-12 20:27:49] testing.DEBUG: step.skipped_completed {"character_id":1967,"request_id":35,"step_name":"build_reward_plan","status":"completed","source_type":"battle","attempts":0} 
[2026-09-12 20:27:49] testing.DEBUG: step.skipped_completed {"character_id":1967,"request_id":35,"step_name":"skill_points","status":"completed","source_type":"battle","attempts":0} 
[2026-09-12 20:27:49] testing.DEBUG: step.skipped_completed {"character_id":1967,"request_id":35,"step_name":"faction_points","status":"completed","source_type":"battle","attempts":0} 
[2026-09-12 20:27:49] testing.DEBUG: step.skipped_completed {"character_id":1967,"request_id":35,"step_name":"faction_loyalty_bounty","status":"completed","source_type":"battle","attempts":0} 
[2026-09-12 20:27:49] testing.DEBUG: step.started {"character_id":1967,"request_id":35,"step_name":"currency_rewards","status":"running","source_type":"battle","attempts":1} 
[2026-09-12 20:27:49] testing.DEBUG: step.completed {"character_id":1967,"request_id":35,"step_name":"currency_rewards","status":"completed","source_type":"battle","attempts":1} 
[2026-09-12 20:27:49] testing.DEBUG: step.skipped_completed {"character_id":1967,"request_id":35,"step_name":"specific_location_rewards","status":"completed","source_type":"battle","attempts":0} 
[2026-09-12 20:27:49] testing.DEBUG: step.skipped_completed {"character_id":1967,"request_id":35,"step_name":"item_drops","status":"completed","source_type":"battle","attempts":0} 
[2026-09-12 20:27:49] testing.DEBUG: step.skipped_completed {"character_id":1967,"request_id":35,"step_name":"weekly_rewards","status":"completed","source_type":"battle","attempts":0} 
[2026-09-12 20:27:49] testing.DEBUG: step.skipped_completed {"character_id":1967,"request_id":35,"step_name":"secondary_rewards","status":"completed","source_type":"battle","attempts":0} 
[2026-09-12 20:27:49] testing.DEBUG: step.skipped_completed {"character_id":1967,"request_id":35,"step_name":"global_event_participation","status":"completed","source_type":"battle","attempts":0} 
[2026-09-12 20:27:49] testing.DEBUG: step.skipped_completed {"character_id":1967,"request_id":35,"step_name":"xp","status":"completed","source_type":"battle","attempts":0} 
[2026-09-12 20:27:49] testing.DEBUG: step.skipped_completed {"character_id":1967,"request_id":35,"step_name":"gem_world_rewards","status":"completed","source_type":"battle","attempts":0} 
[2026-09-12 20:27:49] testing.DEBUG: step.skipped_completed {"character_id":1967,"request_id":35,"step_name":"exploration_context","status":"completed","source_type":"battle","attempts":0} 
[2026-09-12 20:27:49] testing.DEBUG: step.skipped_completed {"character_id":1967,"request_id":35,"step_name":"winter_event","status":"completed","source_type":"battle","attempts":0} 
[2026-09-12 20:27:49] testing.DEBUG: step.skipped_completed {"character_id":1967,"request_id":35,"step_name":"final_player_updates","status":"completed","source_type":"battle","attempts":0} 
[2026-09-12 20:27:49] testing.DEBUG: step.skipped_completed {"character_id":1967,"request_id":35,"step_name":"message_outbox","status":"completed","source_type":"battle","attempts":0} 
[2026-09-12 20:27:49] testing.DEBUG: step.created {"character_id":1968,"request_id":36,"step_name":"build_reward_plan","status":"pending","source_type":"battle"} 
[2026-09-12 20:27:49] testing.DEBUG: step.created {"character_id":1968,"request_id":36,"step_name":"skill_points","status":"pending","source_type":"battle"} 
[2026-09-12 20:27:49] testing.DEBUG: step.created {"character_id":1968,"request_id":36,"step_name":"faction_points","status":"pending","source_type":"battle"} 
[2026-09-12 20:27:49] testing.DEBUG: step.created {"character_id":1968,"request_id":36,"step_name":"faction_loyalty_bounty","status":"pending","source_type":"battle"} 
[2026-09-12 20:27:49] testing.DEBUG: step.created {"character_id":1968,"request_id":36,"step_name":"currency_rewards","status":"pending","source_type":"battle"} 
[2026-09-12 20:27:49] testing.DEBUG: step.created {"character_id":1968,"request_id":36,"step_name":"specific_location_rewards","status":"pending","source_type":"battle"} 
[2026-09-12 20:27:49] testing.DEBUG: step.created {"character_id":1968,"request_id":36,"step_name":"item_drops","status":"pending","source_type":"battle"} 
[2026-09-12 20:27:49] testing.DEBUG: step.created {"character_id":1968,"request_id":36,"step_name":"weekly_rewards","status":"pending","source_type":"battle"} 
[2026-09-12 20:27:49] testing.DEBUG: step.created {"character_id":1968,"request_id":36,"step_name":"secondary_rewards","status":"pending","source_type":"battle"} 
[2026-09-12 20:27:49] testing.DEBUG: step.created {"character_id":1968,"request_id":36,"step_name":"global_event_participation","status":"pending","source_type":"battle"} 
[2026-09-12 20:27:49] testing.DEBUG: step.created {"character_id":1968,"request_id":36,"step_name":"xp","status":"pending","source_type":"battle"} 
[2026-09-12 20:27:49] testing.DEBUG: step.created {"character_id":1968,"request_id":36,"step_name":"gem_world_rewards","status":"pending","source_type":"battle"} 
[2026-09-12 20:27:49] testing.DEBUG: step.created {"character_id":1968,"request_id":36,"step_name":"exploration_context","status":"pending","source_type":"battle"} 
[2026-09-12 20:27:49] testing.DEBUG: step.created {"character_id":1968,"request_id":36,"step_name":"winter_event","status":"pending","source_type":"battle"} 
[2026-09-12 20:27:49] testing.DEBUG: step.created {"character_id":1968,"request_id":36,"step_name":"final_player_updates","status":"pending","source_type":"battle"} 
[2026-09-12 20:27:49] testing.DEBUG: step.created {"character_id":1968,"request_id":36,"step_name":"message_outbox","status":"pending","source_type":"battle"} 
[2026-09-12 20:27:49] testing.DEBUG: ledger.created {"character_id":1968,"request_id":36,"status":"created","source_type":"battle"} 
[2026-09-12 20:27:49] testing.DEBUG: step.skipped_completed {"character_id":1968,"request_id":36,"step_name":"build_reward_plan","status":"completed","source_type":"battle","attempts":0} 
[2026-09-12 20:27:49] testing.DEBUG: step.skipped_completed {"character_id":1968,"request_id":36,"step_name":"skill_points","status":"completed","source_type":"battle","attempts":0} 
[2026-09-12 20:27:49] testing.DEBUG: step.skipped_completed {"character_id":1968,"request_id":36,"step_name":"faction_points","status":"completed","source_type":"battle","attempts":0} 
[2026-09-12 20:27:49] testing.DEBUG: step.skipped_completed {"character_id":1968,"request_id":36,"step_name":"faction_loyalty_bounty","status":"completed","source_type":"battle","attempts":0} 
[2026-09-12 20:27:49] testing.DEBUG: step.skipped_completed {"character_id":1968,"request_id":36,"step_name":"currency_rewards","status":"completed","source_type":"battle","attempts":0} 
[2026-09-12 20:27:49] testing.DEBUG: step.skipped_completed {"character_id":1968,"request_id":36,"step_name":"specific_location_rewards","status":"completed","source_type":"battle","attempts":0} 
[2026-09-12 20:27:49] testing.DEBUG: step.started {"character_id":1968,"request_id":36,"step_name":"item_drops","status":"running","source_type":"battle","attempts":1} 
[2026-09-12 20:27:49] testing.DEBUG: step.completed {"character_id":1968,"request_id":36,"step_name":"item_drops","status":"completed","source_type":"battle","attempts":1} 
[2026-09-12 20:27:49] testing.DEBUG: step.skipped_completed {"character_id":1968,"request_id":36,"step_name":"weekly_rewards","status":"completed","source_type":"battle","attempts":0} 
[2026-09-12 20:27:49] testing.DEBUG: step.skipped_completed {"character_id":1968,"request_id":36,"step_name":"secondary_rewards","status":"completed","source_type":"battle","attempts":0} 
[2026-09-12 20:27:49] testing.DEBUG: step.skipped_completed {"character_id":1968,"request_id":36,"step_name":"global_event_participation","status":"completed","source_type":"battle","attempts":0} 
[2026-09-12 20:27:49] testing.DEBUG: step.skipped_completed {"character_id":1968,"request_id":36,"step_name":"xp","status":"completed","source_type":"battle","attempts":0} 
[2026-09-12 20:27:49] testing.DEBUG: step.skipped_completed {"character_id":1968,"request_id":36,"step_name":"gem_world_rewards","status":"completed","source_type":"battle","attempts":0} 
[2026-09-12 20:27:49] testing.DEBUG: step.skipped_completed {"character_id":1968,"request_id":36,"step_name":"exploration_context","status":"completed","source_type":"battle","attempts":0} 
[2026-09-12 20:27:49] testing.DEBUG: step.skipped_completed {"character_id":1968,"request_id":36,"step_name":"winter_event","status":"completed","source_type":"battle","attempts":0} 
[2026-09-12 20:27:49] testing.DEBUG: step.skipped_completed {"character_id":1968,"request_id":36,"step_name":"final_player_updates","status":"completed","source_type":"battle","attempts":0} 
[2026-09-12 20:27:49] testing.DEBUG: step.skipped_completed {"character_id":1968,"request_id":36,"step_name":"message_outbox","status":"completed","source_type":"battle","attempts":0} 
[2026-09-12 20:27:49] testing.DEBUG: step.created {"character_id":1969,"request_id":37,"step_name":"build_reward_plan","status":"pending","source_type":"battle"} 
[2026-09-12 20:27:49] testing.DEBUG: step.created {"character_id":1969,"request_id":37,"step_name":"skill_points","status":"pending","source_type":"battle"} 
[2026-09-12 20:27:49] testing.DEBUG: step.created {"character_id":1969,"request_id":37,"step_name":"faction_points","status":"pending","source_type":"battle"} 
[2026-09-12 20:27:49] testing.DEBUG: step.created {"character_id":1969,"request_id":37,"step_name":"faction_loyalty_bounty","status":"pending","source_type":"battle"} 
[2026-09-12 20:27:49] testing.DEBUG: step.created {"character_id":1969,"request_id":37,"step_name":"currency_rewards","status":"pending","source_type":"battle"} 
[2026-09-12 20:27:49] testing.DEBUG: step.created {"character_id":1969,"request_id":37,"step_name":"specific_location_rewards","status":"pending","source_type":"battle"} 
[2026-09-12 20:27:49] testing.DEBUG: step.created {"character_id":1969,"request_id":37,"step_name":"item_drops","status":"pending","source_type":"battle"} 
[2026-09-12 20:27:49] testing.DEBUG: step.created {"character_id":1969,"request_id":37,"step_name":"weekly_rewards","status":"pending","source_type":"battle"} 
[2026-09-12 20:27:49] testing.DEBUG: step.created {"character_id":1969,"request_id":37,"step_name":"secondary_rewards","status":"pending","source_type":"battle"} 
[2026-09-12 20:27:49] testing.DEBUG: step.created {"character_id":1969,"request_id":37,"step_name":"global_event_participation","status":"pending","source_type":"battle"} 
[2026-09-12 20:27:49] testing.DEBUG: step.created {"character_id":1969,"request_id":37,"step_name":"xp","status":"pending","source_type":"battle"} 
[2026-09-12 20:27:49] testing.DEBUG: step.created {"character_id":1969,"request_id":37,"step_name":"gem_world_rewards","status":"pending","source_type":"battle"} 
[2026-09-12 20:27:49] testing.DEBUG: step.created {"character_id":1969,"request_id":37,"step_name":"exploration_context","status":"pending","source_type":"battle"} 
[2026-09-12 20:27:49] testing.DEBUG: step.created {"character_id":1969,"request_id":37,"step_name":"winter_event","status":"pending","source_type":"battle"} 
[2026-09-12 20:27:49] testing.DEBUG: step.created {"character_id":1969,"request_id":37,"step_name":"final_player_updates","status":"pending","source_type":"battle"} 
[2026-09-12 20:27:49] testing.DEBUG: step.created {"character_id":1969,"request_id":37,"step_name":"message_outbox","status":"pending","source_type":"battle"} 
[2026-09-12 20:27:49] testing.DEBUG: ledger.created {"character_id":1969,"request_id":37,"status":"created","source_type":"battle"} 
[2026-09-12 20:27:49] testing.DEBUG: step.skipped_completed {"character_id":1969,"request_id":37,"step_name":"build_reward_plan","status":"completed","source_type":"battle","attempts":0} 
[2026-09-12 20:27:49] testing.DEBUG: step.skipped_completed {"character_id":1969,"request_id":37,"step_name":"skill_points","status":"completed","source_type":"battle","attempts":0} 
[2026-09-12 20:27:49] testing.DEBUG: step.skipped_completed {"character_id":1969,"request_id":37,"step_name":"faction_points","status":"completed","source_type":"battle","attempts":0} 
[2026-09-12 20:27:49] testing.DEBUG: step.skipped_completed {"character_id":1969,"request_id":37,"step_name":"faction_loyalty_bounty","status":"completed","source_type":"battle","attempts":0} 
[2026-09-12 20:27:49] testing.DEBUG: step.skipped_completed {"character_id":1969,"request_id":37,"step_name":"currency_rewards","status":"completed","source_type":"battle","attempts":0} 
[2026-09-12 20:27:49] testing.DEBUG: step.skipped_completed {"character_id":1969,"request_id":37,"step_name":"specific_location_rewards","status":"completed","source_type":"battle","attempts":0} 
[2026-09-12 20:27:49] testing.DEBUG: step.skipped_completed {"character_id":1969,"request_id":37,"step_name":"item_drops","status":"completed","source_type":"battle","attempts":0} 
[2026-09-12 20:27:49] testing.DEBUG: step.skipped_completed {"character_id":1969,"request_id":37,"step_name":"weekly_rewards","status":"completed","source_type":"battle","attempts":0} 
[2026-09-12 20:27:49] testing.DEBUG: step.skipped_completed {"character_id":1969,"request_id":37,"step_name":"secondary_rewards","status":"completed","source_type":"battle","attempts":0} 
[2026-09-12 20:27:49] testing.DEBUG: step.skipped_completed {"character_id":1969,"request_id":37,"step_name":"global_event_participation","status":"completed","source_type":"battle","attempts":0} 
[2026-09-12 20:27:49] testing.DEBUG: step.skipped_completed {"character_id":1969,"request_id":37,"step_name":"xp","status":"completed","source_type":"battle","attempts":0} 
[2026-09-12 20:27:49] testing.DEBUG: step.skipped_completed {"character_id":1969,"request_id":37,"step_name":"gem_world_rewards","status":"completed","source_type":"battle","attempts":0} 
[2026-09-12 20:27:49] testing.DEBUG: step.skipped_completed {"character_id":1969,"request_id":37,"step_name":"exploration_context","status":"completed","source_type":"battle","attempts":0} 
[2026-09-12 20:27:49] testing.DEBUG: step.skipped_completed {"character_id":1969,"request_id":37,"step_name":"winter_event","status":"completed","source_type":"battle","attempts":0} 
[2026-09-12 20:27:49] testing.DEBUG: step.skipped_completed {"character_id":1969,"request_id":37,"step_name":"final_player_updates","status":"completed","source_type":"battle","attempts":0} 
[2026-09-12 20:27:49] testing.DEBUG: step.skipped_completed {"character_id":1969,"request_id":37,"step_name":"message_outbox","status":"completed","source_type":"battle","attempts":0} 
[2026-09-12 20:27:50] testing.DEBUG: step.created {"character_id":1970,"request_id":38,"step_name":"build_reward_plan","status":"pending","source_type":"battle"} 
[2026-09-12 20:27:50] testing.DEBUG: step.created {"character_id":1970,"request_id":38,"step_name":"skill_points","status":"pending","source_type":"battle"} 
[2026-09-12 20:27:50] testing.DEBUG: step.created {"character_id":1970,"request_id":38,"step_name":"faction_points","status":"pending","source_type":"battle"} 
[2026-09-12 20:27:50] testing.DEBUG: step.created {"character_id":1970,"request_id":38,"step_name":"faction_loyalty_bounty","status":"pending","source_type":"battle"} 
[2026-09-12 20:27:50] testing.DEBUG: step.created {"character_id":1970,"request_id":38,"step_name":"currency_rewards","status":"pending","source_type":"battle"} 
[2026-09-12 20:27:50] testing.DEBUG: step.created {"character_id":1970,"request_id":38,"step_name":"specific_location_rewards","status":"pending","source_type":"battle"} 
[2026-09-12 20:27:50] testing.DEBUG: step.created {"character_id":1970,"request_id":38,"step_name":"item_drops","status":"pending","source_type":"battle"} 
[2026-09-12 20:27:50] testing.DEBUG: step.created {"character_id":1970,"request_id":38,"step_name":"weekly_rewards","status":"pending","source_type":"battle"} 
[2026-09-12 20:27:50] testing.DEBUG: step.created {"character_id":1970,"request_id":38,"step_name":"secondary_rewards","status":"pending","source_type":"battle"} 
[2026-09-12 20:27:50] testing.DEBUG: step.created {"character_id":1970,"request_id":38,"step_name":"global_event_participation","status":"pending","source_type":"battle"} 
[2026-09-12 20:27:50] testing.DEBUG: step.created {"character_id":1970,"request_id":38,"step_name":"xp","status":"pending","source_type":"battle"} 
[2026-09-12 20:27:50] testing.DEBUG: step.created {"character_id":1970,"request_id":38,"step_name":"gem_world_rewards","status":"pending","source_type":"battle"} 
[2026-09-12 20:27:50] testing.DEBUG: step.created {"character_id":1970,"request_id":38,"step_name":"exploration_context","status":"pending","source_type":"battle"} 
[2026-09-12 20:27:50] testing.DEBUG: step.created {"character_id":1970,"request_id":38,"step_name":"winter_event","status":"pending","source_type":"battle"} 
[2026-09-12 20:27:50] testing.DEBUG: step.created {"character_id":1970,"request_id":38,"step_name":"final_player_updates","status":"pending","source_type":"battle"} 
[2026-09-12 20:27:50] testing.DEBUG: step.created {"character_id":1970,"request_id":38,"step_name":"message_outbox","status":"pending","source_type":"battle"} 
[2026-09-12 20:27:50] testing.DEBUG: ledger.created {"character_id":1970,"request_id":38,"status":"created","source_type":"battle"} 
[2026-09-12 20:27:50] testing.DEBUG: step.skipped_completed {"character_id":1970,"request_id":38,"step_name":"build_reward_plan","status":"completed","source_type":"battle","attempts":0} 
[2026-09-12 20:27:50] testing.DEBUG: step.skipped_completed {"character_id":1970,"request_id":38,"step_name":"skill_points","status":"completed","source_type":"battle","attempts":0} 
[2026-09-12 20:27:50] testing.DEBUG: step.skipped_completed {"character_id":1970,"request_id":38,"step_name":"faction_points","status":"completed","source_type":"battle","attempts":0} 
[2026-09-12 20:27:50] testing.DEBUG: step.skipped_completed {"character_id":1970,"request_id":38,"step_name":"faction_loyalty_bounty","status":"completed","source_type":"battle","attempts":0} 
[2026-09-12 20:27:50] testing.DEBUG: step.skipped_completed {"character_id":1970,"request_id":38,"step_name":"currency_rewards","status":"completed","source_type":"battle","attempts":0} 
[2026-09-12 20:27:50] testing.DEBUG: step.skipped_completed {"character_id":1970,"request_id":38,"step_name":"specific_location_rewards","status":"completed","source_type":"battle","attempts":0} 
[2026-09-12 20:27:50] testing.DEBUG: step.started {"character_id":1970,"request_id":38,"step_name":"item_drops","status":"running","source_type":"battle","attempts":1} 
[2026-09-12 20:27:50] testing.DEBUG: step.completed {"character_id":1970,"request_id":38,"step_name":"item_drops","status":"completed","source_type":"battle","attempts":1} 
[2026-09-12 20:27:50] testing.DEBUG: step.skipped_completed {"character_id":1970,"request_id":38,"step_name":"weekly_rewards","status":"completed","source_type":"battle","attempts":0} 
[2026-09-12 20:27:50] testing.DEBUG: step.skipped_completed {"character_id":1970,"request_id":38,"step_name":"secondary_rewards","status":"completed","source_type":"battle","attempts":0} 
[2026-09-12 20:27:50] testing.DEBUG: step.skipped_completed {"character_id":1970,"request_id":38,"step_name":"global_event_participation","status":"completed","source_type":"battle","attempts":0} 
[2026-09-12 20:27:50] testing.DEBUG: step.skipped_completed {"character_id":1970,"request_id":38,"step_name":"xp","status":"completed","source_type":"battle","attempts":0} 
[2026-09-12 20:27:50] testing.DEBUG: step.skipped_completed {"character_id":1970,"request_id":38,"step_name":"gem_world_rewards","status":"completed","source_type":"battle","attempts":0} 
[2026-09-12 20:27:50] testing.DEBUG: step.skipped_completed {"character_id":1970,"request_id":38,"step_name":"exploration_context","status":"completed","source_type":"battle","attempts":0} 
[2026-09-12 20:27:50] testing.DEBUG: step.skipped_completed {"character_id":1970,"request_id":38,"step_name":"winter_event","status":"completed","source_type":"battle","attempts":0} 
[2026-09-12 20:27:50] testing.DEBUG: step.skipped_completed {"character_id":1970,"request_id":38,"step_name":"final_player_updates","status":"completed","source_type":"battle","attempts":0} 
[2026-09-12 20:27:50] testing.DEBUG: step.skipped_completed {"character_id":1970,"request_id":38,"step_name":"message_outbox","status":"completed","source_type":"battle","attempts":0} 
[2026-09-12 20:27:50] testing.DEBUG: step.created {"character_id":1971,"request_id":39,"step_name":"build_reward_plan","status":"pending","source_type":"battle"} 
[2026-09-12 20:27:50] testing.DEBUG: step.created {"character_id":1971,"request_id":39,"step_name":"skill_points","status":"pending","source_type":"battle"} 
[2026-09-12 20:27:50] testing.DEBUG: step.created {"character_id":1971,"request_id":39,"step_name":"faction_points","status":"pending","source_type":"battle"} 
[2026-09-12 20:27:50] testing.DEBUG: step.created {"character_id":1971,"request_id":39,"step_name":"faction_loyalty_bounty","status":"pending","source_type":"battle"} 
[2026-09-12 20:27:50] testing.DEBUG: step.created {"character_id":1971,"request_id":39,"step_name":"currency_rewards","status":"pending","source_type":"battle"} 
[2026-09-12 20:27:50] testing.DEBUG: step.created {"character_id":1971,"request_id":39,"step_name":"specific_location_rewards","status":"pending","source_type":"battle"} 
[2026-09-12 20:27:50] testing.DEBUG: step.created {"character_id":1971,"request_id":39,"step_name":"item_drops","status":"pending","source_type":"battle"} 
[2026-09-12 20:27:50] testing.DEBUG: step.created {"character_id":1971,"request_id":39,"step_name":"weekly_rewards","status":"pending","source_type":"battle"} 
[2026-09-12 20:27:50] testing.DEBUG: step.created {"character_id":1971,"request_id":39,"step_name":"secondary_rewards","status":"pending","source_type":"battle"} 
[2026-09-12 20:27:50] testing.DEBUG: step.created {"character_id":1971,"request_id":39,"step_name":"global_event_participation","status":"pending","source_type":"battle"} 
[2026-09-12 20:27:50] testing.DEBUG: step.created {"character_id":1971,"request_id":39,"step_name":"xp","status":"pending","source_type":"battle"} 
[2026-09-12 20:27:50] testing.DEBUG: step.created {"character_id":1971,"request_id":39,"step_name":"gem_world_rewards","status":"pending","source_type":"battle"} 
[2026-09-12 20:27:50] testing.DEBUG: step.created {"character_id":1971,"request_id":39,"step_name":"exploration_context","status":"pending","source_type":"battle"} 
[2026-09-12 20:27:50] testing.DEBUG: step.created {"character_id":1971,"request_id":39,"step_name":"winter_event","status":"pending","source_type":"battle"} 
[2026-09-12 20:27:50] testing.DEBUG: step.created {"character_id":1971,"request_id":39,"step_name":"final_player_updates","status":"pending","source_type":"battle"} 
[2026-09-12 20:27:50] testing.DEBUG: step.created {"character_id":1971,"request_id":39,"step_name":"message_outbox","status":"pending","source_type":"battle"} 
[2026-09-12 20:27:50] testing.DEBUG: ledger.created {"character_id":1971,"request_id":39,"status":"created","source_type":"battle"} 
[2026-09-12 20:27:50] testing.DEBUG: step.skipped_completed {"character_id":1971,"request_id":39,"step_name":"build_reward_plan","status":"completed","source_type":"battle","attempts":0} 
[2026-09-12 20:27:50] testing.DEBUG: step.skipped_completed {"character_id":1971,"request_id":39,"step_name":"skill_points","status":"completed","source_type":"battle","attempts":0} 
[2026-09-12 20:27:50] testing.DEBUG: step.skipped_completed {"character_id":1971,"request_id":39,"step_name":"faction_points","status":"completed","source_type":"battle","attempts":0} 
[2026-09-12 20:27:50] testing.DEBUG: step.skipped_completed {"character_id":1971,"request_id":39,"step_name":"faction_loyalty_bounty","status":"completed","source_type":"battle","attempts":0} 
[2026-09-12 20:27:50] testing.DEBUG: step.skipped_completed {"character_id":1971,"request_id":39,"step_name":"currency_rewards","status":"completed","source_type":"battle","attempts":0} 
[2026-09-12 20:27:50] testing.DEBUG: step.skipped_completed {"character_id":1971,"request_id":39,"step_name":"specific_location_rewards","status":"completed","source_type":"battle","attempts":0} 
[2026-09-12 20:27:50] testing.DEBUG: step.started {"character_id":1971,"request_id":39,"step_name":"item_drops","status":"running","source_type":"battle","attempts":1} 
[2026-09-12 20:27:50] testing.DEBUG: step.completed {"character_id":1971,"request_id":39,"step_name":"item_drops","status":"completed","source_type":"battle","attempts":1} 
[2026-09-12 20:27:50] testing.DEBUG: step.skipped_completed {"character_id":1971,"request_id":39,"step_name":"weekly_rewards","status":"completed","source_type":"battle","attempts":0} 
[2026-09-12 20:27:50] testing.DEBUG: step.skipped_completed {"character_id":1971,"request_id":39,"step_name":"secondary_rewards","status":"completed","source_type":"battle","attempts":0} 
[2026-09-12 20:27:50] testing.DEBUG: step.skipped_completed {"character_id":1971,"request_id":39,"step_name":"global_event_participation","status":"completed","source_type":"battle","attempts":0} 
[2026-09-12 20:27:50] testing.DEBUG: step.skipped_completed {"character_id":1971,"request_id":39,"step_name":"xp","status":"completed","source_type":"battle","attempts":0} 
[2026-09-12 20:27:50] testing.DEBUG: step.skipped_completed {"character_id":1971,"request_id":39,"step_name":"gem_world_rewards","status":"completed","source_type":"battle","attempts":0} 
[2026-09-12 20:27:50] testing.DEBUG: step.skipped_completed {"character_id":1971,"request_id":39,"step_name":"exploration_context","status":"completed","source_type":"battle","attempts":0} 
[2026-09-12 20:27:50] testing.DEBUG: step.skipped_completed {"character_id":1971,"request_id":39,"step_name":"winter_event","status":"completed","source_type":"battle","attempts":0} 
[2026-09-12 20:27:50] testing.DEBUG: step.skipped_completed {"character_id":1971,"request_id":39,"step_name":"final_player_updates","status":"completed","source_type":"battle","attempts":0} 
[2026-09-12 20:27:50] testing.DEBUG: step.skipped_completed {"character_id":1971,"request_id":39,"step_name":"message_outbox","status":"completed","source_type":"battle","attempts":0} 
[2026-09-12 20:27:50] testing.DEBUG: step.created {"character_id":1972,"request_id":40,"step_name":"build_reward_plan","status":"pending","source_type":"battle"} 
[2026-09-12 20:27:50] testing.DEBUG: step.created {"character_id":1972,"request_id":40,"step_name":"skill_points","status":"pending","source_type":"battle"} 
[2026-09-12 20:27:50] testing.DEBUG: step.created {"character_id":1972,"request_id":40,"step_name":"faction_points","status":"pending","source_type":"battle"} 
[2026-09-12 20:27:50] testing.DEBUG: step.created {"character_id":1972,"request_id":40,"step_name":"faction_loyalty_bounty","status":"pending","source_type":"battle"} 
[2026-09-12 20:27:50] testing.DEBUG: step.created {"character_id":1972,"request_id":40,"step_name":"currency_rewards","status":"pending","source_type":"battle"} 
[2026-09-12 20:27:50] testing.DEBUG: step.created {"character_id":1972,"request_id":40,"step_name":"specific_location_rewards","status":"pending","source_type":"battle"} 
[2026-09-12 20:27:50] testing.DEBUG: step.created {"character_id":1972,"request_id":40,"step_name":"item_drops","status":"pending","source_type":"battle"} 
[2026-09-12 20:27:50] testing.DEBUG: step.created {"character_id":1972,"request_id":40,"step_name":"weekly_rewards","status":"pending","source_type":"battle"} 
[2026-09-12 20:27:50] testing.DEBUG: step.created {"character_id":1972,"request_id":40,"step_name":"secondary_rewards","status":"pending","source_type":"battle"} 
[2026-09-12 20:27:50] testing.DEBUG: step.created {"character_id":1972,"request_id":40,"step_name":"global_event_participation","status":"pending","source_type":"battle"} 
[2026-09-12 20:27:50] testing.DEBUG: step.created {"character_id":1972,"request_id":40,"step_name":"xp","status":"pending","source_type":"battle"} 
[2026-09-12 20:27:50] testing.DEBUG: step.created {"character_id":1972,"request_id":40,"step_name":"gem_world_rewards","status":"pending","source_type":"battle"} 
[2026-09-12 20:27:50] testing.DEBUG: step.created {"character_id":1972,"request_id":40,"step_name":"exploration_context","status":"pending","source_type":"battle"} 
[2026-09-12 20:27:50] testing.DEBUG: step.created {"character_id":1972,"request_id":40,"step_name":"winter_event","status":"pending","source_type":"battle"} 
[2026-09-12 20:27:50] testing.DEBUG: step.created {"character_id":1972,"request_id":40,"step_name":"final_player_updates","status":"pending","source_type":"battle"} 
[2026-09-12 20:27:50] testing.DEBUG: step.created {"character_id":1972,"request_id":40,"step_name":"message_outbox","status":"pending","source_type":"battle"} 
[2026-09-12 20:27:50] testing.DEBUG: ledger.created {"character_id":1972,"request_id":40,"status":"created","source_type":"battle"} 
[2026-09-12 20:27:50] testing.DEBUG: step.skipped_completed {"character_id":1972,"request_id":40,"step_name":"build_reward_plan","status":"completed","source_type":"battle","attempts":0} 
[2026-09-12 20:27:50] testing.DEBUG: step.skipped_completed {"character_id":1972,"request_id":40,"step_name":"skill_points","status":"completed","source_type":"battle","attempts":0} 
[2026-09-12 20:27:50] testing.DEBUG: step.skipped_completed {"character_id":1972,"request_id":40,"step_name":"faction_points","status":"completed","source_type":"battle","attempts":0} 
[2026-09-12 20:27:50] testing.DEBUG: step.skipped_completed {"character_id":1972,"request_id":40,"step_name":"faction_loyalty_bounty","status":"completed","source_type":"battle","attempts":0} 
[2026-09-12 20:27:50] testing.DEBUG: step.skipped_completed {"character_id":1972,"request_id":40,"step_name":"currency_rewards","status":"completed","source_type":"battle","attempts":0} 
[2026-09-12 20:27:50] testing.DEBUG: step.skipped_completed {"character_id":1972,"request_id":40,"step_name":"specific_location_rewards","status":"completed","source_type":"battle","attempts":0} 
[2026-09-12 20:27:50] testing.DEBUG: step.started {"character_id":1972,"request_id":40,"step_name":"item_drops","status":"running","source_type":"battle","attempts":1} 
[2026-09-12 20:27:50] testing.DEBUG: step.completed {"character_id":1972,"request_id":40,"step_name":"item_drops","status":"completed","source_type":"battle","attempts":1} 
[2026-09-12 20:27:50] testing.DEBUG: step.skipped_completed {"character_id":1972,"request_id":40,"step_name":"weekly_rewards","status":"completed","source_type":"battle","attempts":0} 
[2026-09-12 20:27:50] testing.DEBUG: step.skipped_completed {"character_id":1972,"request_id":40,"step_name":"secondary_rewards","status":"completed","source_type":"battle","attempts":0} 
[2026-09-12 20:27:50] testing.DEBUG: step.skipped_completed {"character_id":1972,"request_id":40,"step_name":"global_event_participation","status":"completed","source_type":"battle","attempts":0} 
[2026-09-12 20:27:50] testing.DEBUG: step.skipped_completed {"character_id":1972,"request_id":40,"step_name":"xp","status":"completed","source_type":"battle","attempts":0} 
[2026-09-12 20:27:50] testing.DEBUG: step.skipped_completed {"character_id":1972,"request_id":40,"step_name":"gem_world_rewards","status":"completed","source_type":"battle","attempts":0} 
[2026-09-12 20:27:50] testing.DEBUG: step.skipped_completed {"character_id":1972,"request_id":40,"step_name":"exploration_context","status":"completed","source_type":"battle","attempts":0} 
[2026-09-12 20:27:50] testing.DEBUG: step.skipped_completed {"character_id":1972,"request_id":40,"step_name":"winter_event","status":"completed","source_type":"battle","attempts":0} 
[2026-09-12 20:27:50] testing.DEBUG: step.skipped_completed {"character_id":1972,"request_id":40,"step_name":"final_player_updates","status":"completed","source_type":"battle","attempts":0} 
[2026-09-12 20:27:50] testing.DEBUG: step.skipped_completed {"character_id":1972,"request_id":40,"step_name":"message_outbox","status":"completed","source_type":"battle","attempts":0} 
[2026-09-12 20:27:50] testing.DEBUG: step.created {"character_id":1973,"request_id":41,"step_name":"build_reward_plan","status":"pending","source_type":"battle"} 
[2026-09-12 20:27:50] testing.DEBUG: step.created {"character_id":1973,"request_id":41,"step_name":"skill_points","status":"pending","source_type":"battle"} 
[2026-09-12 20:27:50] testing.DEBUG: step.created {"character_id":1973,"request_id":41,"step_name":"faction_points","status":"pending","source_type":"battle"} 
[2026-09-12 20:27:50] testing.DEBUG: step.created {"character_id":1973,"request_id":41,"step_name":"faction_loyalty_bounty","status":"pending","source_type":"battle"} 
[2026-09-12 20:27:50] testing.DEBUG: step.created {"character_id":1973,"request_id":41,"step_name":"currency_rewards","status":"pending","source_type":"battle"} 
[2026-09-12 20:27:50] testing.DEBUG: step.created {"character_id":1973,"request_id":41,"step_name":"specific_location_rewards","status":"pending","source_type":"battle"} 
[2026-09-12 20:27:50] testing.DEBUG: step.created {"character_id":1973,"request_id":41,"step_name":"item_drops","status":"pending","source_type":"battle"} 
[2026-09-12 20:27:50] testing.DEBUG: step.created {"character_id":1973,"request_id":41,"step_name":"weekly_rewards","status":"pending","source_type":"battle"} 
[2026-09-12 20:27:50] testing.DEBUG: step.created {"character_id":1973,"request_id":41,"step_name":"secondary_rewards","status":"pending","source_type":"battle"} 
[2026-09-12 20:27:50] testing.DEBUG: step.created {"character_id":1973,"request_id":41,"step_name":"global_event_participation","status":"pending","source_type":"battle"} 
[2026-09-12 20:27:50] testing.DEBUG: step.created {"character_id":1973,"request_id":41,"step_name":"xp","status":"pending","source_type":"battle"} 
[2026-09-12 20:27:50] testing.DEBUG: step.created {"character_id":1973,"request_id":41,"step_name":"gem_world_rewards","status":"pending","source_type":"battle"} 
[2026-09-12 20:27:50] testing.DEBUG: step.created {"character_id":1973,"request_id":41,"step_name":"exploration_context","status":"pending","source_type":"battle"} 
[2026-09-12 20:27:50] testing.DEBUG: step.created {"character_id":1973,"request_id":41,"step_name":"winter_event","status":"pending","source_type":"battle"} 
[2026-09-12 20:27:50] testing.DEBUG: step.created {"character_id":1973,"request_id":41,"step_name":"final_player_updates","status":"pending","source_type":"battle"} 
[2026-09-12 20:27:50] testing.DEBUG: step.created {"character_id":1973,"request_id":41,"step_name":"message_outbox","status":"pending","source_type":"battle"} 
[2026-09-12 20:27:50] testing.DEBUG: ledger.created {"character_id":1973,"request_id":41,"status":"created","source_type":"battle"} 
[2026-09-12 20:27:50] testing.DEBUG: step.skipped_completed {"character_id":1973,"request_id":41,"step_name":"build_reward_plan","status":"completed","source_type":"battle","attempts":0} 
[2026-09-12 20:27:50] testing.DEBUG: step.skipped_completed {"character_id":1973,"request_id":41,"step_name":"skill_points","status":"completed","source_type":"battle","attempts":0} 
[2026-09-12 20:27:50] testing.DEBUG: step.skipped_completed {"character_id":1973,"request_id":41,"step_name":"faction_points","status":"completed","source_type":"battle","attempts":0} 
[2026-09-12 20:27:50] testing.DEBUG: step.skipped_completed {"character_id":1973,"request_id":41,"step_name":"faction_loyalty_bounty","status":"completed","source_type":"battle","attempts":0} 
[2026-09-12 20:27:50] testing.DEBUG: step.skipped_completed {"character_id":1973,"request_id":41,"step_name":"currency_rewards","status":"completed","source_type":"battle","attempts":0} 
[2026-09-12 20:27:50] testing.DEBUG: step.skipped_completed {"character_id":1973,"request_id":41,"step_name":"specific_location_rewards","status":"completed","source_type":"battle","attempts":0} 
[2026-09-12 20:27:50] testing.DEBUG: step.skipped_completed {"character_id":1973,"request_id":41,"step_name":"item_drops","status":"completed","source_type":"battle","attempts":0} 
[2026-09-12 20:27:50] testing.DEBUG: step.skipped_completed {"character_id":1973,"request_id":41,"step_name":"weekly_rewards","status":"completed","source_type":"battle","attempts":0} 
[2026-09-12 20:27:50] testing.DEBUG: step.skipped_completed {"character_id":1973,"request_id":41,"step_name":"secondary_rewards","status":"completed","source_type":"battle","attempts":0} 
[2026-09-12 20:27:50] testing.DEBUG: step.skipped_completed {"character_id":1973,"request_id":41,"step_name":"global_event_participation","status":"completed","source_type":"battle","attempts":0} 
[2026-09-12 20:27:50] testing.DEBUG: step.skipped_completed {"character_id":1973,"request_id":41,"step_name":"xp","status":"completed","source_type":"battle","attempts":0} 
[2026-09-12 20:27:50] testing.DEBUG: step.skipped_completed {"character_id":1973,"request_id":41,"step_name":"gem_world_rewards","status":"completed","source_type":"battle","attempts":0} 
[2026-09-12 20:27:50] testing.DEBUG: step.skipped_completed {"character_id":1973,"request_id":41,"step_name":"exploration_context","status":"completed","source_type":"battle","attempts":0} 
[2026-09-12 20:27:50] testing.DEBUG: step.skipped_completed {"character_id":1973,"request_id":41,"step_name":"winter_event","status":"completed","source_type":"battle","attempts":0} 
[2026-09-12 20:27:50] testing.DEBUG: step.skipped_completed {"character_id":1973,"request_id":41,"step_name":"final_player_updates","status":"completed","source_type":"battle","attempts":0} 
[2026-09-12 20:27:50] testing.DEBUG: step.skipped_completed {"character_id":1973,"request_id":41,"step_name":"message_outbox","status":"completed","source_type":"battle","attempts":0} 
[2026-09-12 20:27:51] testing.DEBUG: step.created {"character_id":1974,"request_id":42,"step_name":"build_reward_plan","status":"pending","source_type":"battle"} 
[2026-09-12 20:27:51] testing.DEBUG: step.created {"character_id":1974,"request_id":42,"step_name":"skill_points","status":"pending","source_type":"battle"} 
[2026-09-12 20:27:51] testing.DEBUG: step.created {"character_id":1974,"request_id":42,"step_name":"faction_points","status":"pending","source_type":"battle"} 
[2026-09-12 20:27:51] testing.DEBUG: step.created {"character_id":1974,"request_id":42,"step_name":"faction_loyalty_bounty","status":"pending","source_type":"battle"} 
[2026-09-12 20:27:51] testing.DEBUG: step.created {"character_id":1974,"request_id":42,"step_name":"currency_rewards","status":"pending","source_type":"battle"} 
[2026-09-12 20:27:51] testing.DEBUG: step.created {"character_id":1974,"request_id":42,"step_name":"specific_location_rewards","status":"pending","source_type":"battle"} 
[2026-09-12 20:27:51] testing.DEBUG: step.created {"character_id":1974,"request_id":42,"step_name":"item_drops","status":"pending","source_type":"battle"} 
[2026-09-12 20:27:51] testing.DEBUG: step.created {"character_id":1974,"request_id":42,"step_name":"weekly_rewards","status":"pending","source_type":"battle"} 
[2026-09-12 20:27:51] testing.DEBUG: step.created {"character_id":1974,"request_id":42,"step_name":"secondary_rewards","status":"pending","source_type":"battle"} 
[2026-09-12 20:27:51] testing.DEBUG: step.created {"character_id":1974,"request_id":42,"step_name":"global_event_participation","status":"pending","source_type":"battle"} 
[2026-09-12 20:27:51] testing.DEBUG: step.created {"character_id":1974,"request_id":42,"step_name":"xp","status":"pending","source_type":"battle"} 
[2026-09-12 20:27:51] testing.DEBUG: step.created {"character_id":1974,"request_id":42,"step_name":"gem_world_rewards","status":"pending","source_type":"battle"} 
[2026-09-12 20:27:51] testing.DEBUG: step.created {"character_id":1974,"request_id":42,"step_name":"exploration_context","status":"pending","source_type":"battle"} 
[2026-09-12 20:27:51] testing.DEBUG: step.created {"character_id":1974,"request_id":42,"step_name":"winter_event","status":"pending","source_type":"battle"} 
[2026-09-12 20:27:51] testing.DEBUG: step.created {"character_id":1974,"request_id":42,"step_name":"final_player_updates","status":"pending","source_type":"battle"} 
[2026-09-12 20:27:51] testing.DEBUG: step.created {"character_id":1974,"request_id":42,"step_name":"message_outbox","status":"pending","source_type":"battle"} 
[2026-09-12 20:27:51] testing.DEBUG: ledger.created {"character_id":1974,"request_id":42,"status":"created","source_type":"battle"} 
[2026-09-12 20:27:51] testing.DEBUG: step.skipped_completed {"character_id":1974,"request_id":42,"step_name":"build_reward_plan","status":"completed","source_type":"battle","attempts":0} 
[2026-09-12 20:27:51] testing.DEBUG: step.skipped_completed {"character_id":1974,"request_id":42,"step_name":"skill_points","status":"completed","source_type":"battle","attempts":0} 
[2026-09-12 20:27:51] testing.DEBUG: step.skipped_completed {"character_id":1974,"request_id":42,"step_name":"faction_points","status":"completed","source_type":"battle","attempts":0} 
[2026-09-12 20:27:51] testing.DEBUG: step.skipped_completed {"character_id":1974,"request_id":42,"step_name":"faction_loyalty_bounty","status":"completed","source_type":"battle","attempts":0} 
[2026-09-12 20:27:51] testing.DEBUG: step.skipped_completed {"character_id":1974,"request_id":42,"step_name":"currency_rewards","status":"completed","source_type":"battle","attempts":0} 
[2026-09-12 20:27:51] testing.DEBUG: step.started {"character_id":1974,"request_id":42,"step_name":"specific_location_rewards","status":"running","source_type":"battle","attempts":1} 
[2026-09-12 20:27:51] testing.DEBUG: step.completed {"character_id":1974,"request_id":42,"step_name":"specific_location_rewards","status":"completed","source_type":"battle","attempts":1} 
[2026-09-12 20:27:51] testing.DEBUG: step.skipped_completed {"character_id":1974,"request_id":42,"step_name":"item_drops","status":"completed","source_type":"battle","attempts":0} 
[2026-09-12 20:27:51] testing.DEBUG: step.skipped_completed {"character_id":1974,"request_id":42,"step_name":"weekly_rewards","status":"completed","source_type":"battle","attempts":0} 
[2026-09-12 20:27:51] testing.DEBUG: step.skipped_completed {"character_id":1974,"request_id":42,"step_name":"secondary_rewards","status":"completed","source_type":"battle","attempts":0} 
[2026-09-12 20:27:51] testing.DEBUG: step.skipped_completed {"character_id":1974,"request_id":42,"step_name":"global_event_participation","status":"completed","source_type":"battle","attempts":0} 
[2026-09-12 20:27:51] testing.DEBUG: step.skipped_completed {"character_id":1974,"request_id":42,"step_name":"xp","status":"completed","source_type":"battle","attempts":0} 
[2026-09-12 20:27:51] testing.DEBUG: step.skipped_completed {"character_id":1974,"request_id":42,"step_name":"gem_world_rewards","status":"completed","source_type":"battle","attempts":0} 
[2026-09-12 20:27:51] testing.DEBUG: step.skipped_completed {"character_id":1974,"request_id":42,"step_name":"exploration_context","status":"completed","source_type":"battle","attempts":0} 
[2026-09-12 20:27:51] testing.DEBUG: step.skipped_completed {"character_id":1974,"request_id":42,"step_name":"winter_event","status":"completed","source_type":"battle","attempts":0} 
[2026-09-12 20:27:51] testing.DEBUG: step.skipped_completed {"character_id":1974,"request_id":42,"step_name":"final_player_updates","status":"completed","source_type":"battle","attempts":0} 
[2026-09-12 20:27:51] testing.DEBUG: step.skipped_completed {"character_id":1974,"request_id":42,"step_name":"message_outbox","status":"completed","source_type":"battle","attempts":0} 
[2026-09-12 20:27:51] testing.DEBUG: step.created {"character_id":1975,"request_id":43,"step_name":"build_reward_plan","status":"pending","source_type":"battle"} 
[2026-09-12 20:27:51] testing.DEBUG: step.created {"character_id":1975,"request_id":43,"step_name":"skill_points","status":"pending","source_type":"battle"} 
[2026-09-12 20:27:51] testing.DEBUG: step.created {"character_id":1975,"request_id":43,"step_name":"faction_points","status":"pending","source_type":"battle"} 
[2026-09-12 20:27:51] testing.DEBUG: step.created {"character_id":1975,"request_id":43,"step_name":"faction_loyalty_bounty","status":"pending","source_type":"battle"} 
[2026-09-12 20:27:51] testing.DEBUG: step.created {"character_id":1975,"request_id":43,"step_name":"currency_rewards","status":"pending","source_type":"battle"} 
[2026-09-12 20:27:51] testing.DEBUG: step.created {"character_id":1975,"request_id":43,"step_name":"specific_location_rewards","status":"pending","source_type":"battle"} 
[2026-09-12 20:27:51] testing.DEBUG: step.created {"character_id":1975,"request_id":43,"step_name":"item_drops","status":"pending","source_type":"battle"} 
[2026-09-12 20:27:51] testing.DEBUG: step.created {"character_id":1975,"request_id":43,"step_name":"weekly_rewards","status":"pending","source_type":"battle"} 
[2026-09-12 20:27:51] testing.DEBUG: step.created {"character_id":1975,"request_id":43,"step_name":"secondary_rewards","status":"pending","source_type":"battle"} 
[2026-09-12 20:27:51] testing.DEBUG: step.created {"character_id":1975,"request_id":43,"step_name":"global_event_participation","status":"pending","source_type":"battle"} 
[2026-09-12 20:27:51] testing.DEBUG: step.created {"character_id":1975,"request_id":43,"step_name":"xp","status":"pending","source_type":"battle"} 
[2026-09-12 20:27:51] testing.DEBUG: step.created {"character_id":1975,"request_id":43,"step_name":"gem_world_rewards","status":"pending","source_type":"battle"} 
[2026-09-12 20:27:51] testing.DEBUG: step.created {"character_id":1975,"request_id":43,"step_name":"exploration_context","status":"pending","source_type":"battle"} 
[2026-09-12 20:27:51] testing.DEBUG: step.created {"character_id":1975,"request_id":43,"step_name":"winter_event","status":"pending","source_type":"battle"} 
[2026-09-12 20:27:51] testing.DEBUG: step.created {"character_id":1975,"request_id":43,"step_name":"final_player_updates","status":"pending","source_type":"battle"} 
[2026-09-12 20:27:51] testing.DEBUG: step.created {"character_id":1975,"request_id":43,"step_name":"message_outbox","status":"pending","source_type":"battle"} 
[2026-09-12 20:27:51] testing.DEBUG: ledger.created {"character_id":1975,"request_id":43,"status":"created","source_type":"battle"} 
[2026-09-12 20:27:51] testing.DEBUG: step.skipped_completed {"character_id":1975,"request_id":43,"step_name":"build_reward_plan","status":"completed","source_type":"battle","attempts":0} 
[2026-09-12 20:27:51] testing.DEBUG: step.skipped_completed {"character_id":1975,"request_id":43,"step_name":"skill_points","status":"completed","source_type":"battle","attempts":0} 
[2026-09-12 20:27:51] testing.DEBUG: step.skipped_completed {"character_id":1975,"request_id":43,"step_name":"faction_points","status":"completed","source_type":"battle","attempts":0} 
[2026-09-12 20:27:51] testing.DEBUG: step.skipped_completed {"character_id":1975,"request_id":43,"step_name":"faction_loyalty_bounty","status":"completed","source_type":"battle","attempts":0} 
[2026-09-12 20:27:51] testing.DEBUG: step.skipped_completed {"character_id":1975,"request_id":43,"step_name":"currency_rewards","status":"completed","source_type":"battle","attempts":0} 
[2026-09-12 20:27:51] testing.DEBUG: step.started {"character_id":1975,"request_id":43,"step_name":"specific_location_rewards","status":"running","source_type":"battle","attempts":1} 
[2026-09-12 20:27:51] testing.DEBUG: step.completed {"character_id":1975,"request_id":43,"step_name":"specific_location_rewards","status":"completed","source_type":"battle","attempts":1} 
[2026-09-12 20:27:51] testing.DEBUG: step.skipped_completed {"character_id":1975,"request_id":43,"step_name":"item_drops","status":"completed","source_type":"battle","attempts":0} 
[2026-09-12 20:27:51] testing.DEBUG: step.skipped_completed {"character_id":1975,"request_id":43,"step_name":"weekly_rewards","status":"completed","source_type":"battle","attempts":0} 
[2026-09-12 20:27:51] testing.DEBUG: step.skipped_completed {"character_id":1975,"request_id":43,"step_name":"secondary_rewards","status":"completed","source_type":"battle","attempts":0} 
[2026-09-12 20:27:51] testing.DEBUG: step.skipped_completed {"character_id":1975,"request_id":43,"step_name":"global_event_participation","status":"completed","source_type":"battle","attempts":0} 
[2026-09-12 20:27:51] testing.DEBUG: step.skipped_completed {"character_id":1975,"request_id":43,"step_name":"xp","status":"completed","source_type":"battle","attempts":0} 
[2026-09-12 20:27:51] testing.DEBUG: step.skipped_completed {"character_id":1975,"request_id":43,"step_name":"gem_world_rewards","status":"completed","source_type":"battle","attempts":0} 
[2026-09-12 20:27:51] testing.DEBUG: step.skipped_completed {"character_id":1975,"request_id":43,"step_name":"exploration_context","status":"completed","source_type":"battle","attempts":0} 
[2026-09-12 20:27:51] testing.DEBUG: step.skipped_completed {"character_id":1975,"request_id":43,"step_name":"winter_event","status":"completed","source_type":"battle","attempts":0} 
[2026-09-12 20:27:51] testing.DEBUG: step.skipped_completed {"character_id":1975,"request_id":43,"step_name":"final_player_updates","status":"completed","source_type":"battle","attempts":0} 
[2026-09-12 20:27:51] testing.DEBUG: step.skipped_completed {"character_id":1975,"request_id":43,"step_name":"message_outbox","status":"completed","source_type":"battle","attempts":0} 
[2026-09-12 20:27:51] testing.DEBUG: message.stored {"character_id":1977,"request_id":44,"step_name":"specific_location_rewards","status":"pending"} 
[2026-09-12 20:27:51] testing.DEBUG: message.emitted {"character_id":1977,"request_id":44,"step_name":"specific_location_rewards","status":"emitted"} 
[2026-09-12 20:27:52] testing.DEBUG: message.emitted {"character_id":1978,"request_id":45,"step_name":"specific_location_rewards","status":"emitted"} 
[2026-09-12 20:27:52] testing.DEBUG: message.skipped_emitted {"character_id":1979,"request_id":46,"step_name":"specific_location_rewards","status":"emitted"} 
[2026-09-12 20:27:52] testing.DEBUG: message.stored {"character_id":1980,"request_id":47,"step_name":"xp","status":"pending"} 
[2026-09-12 20:27:52] testing.DEBUG: message.emitted {"character_id":1981,"request_id":48,"step_name":"xp","status":"emitted"} 
[2026-09-12 20:27:52] testing.DEBUG: message.skipped_emitted {"character_id":1982,"request_id":49,"step_name":"xp","status":"emitted"} 
[2026-09-12 20:27:52] testing.WARNING: message.emit_failed {"character_id":1983,"request_id":50,"message_record_id":7,"message":"Reward message","step_name":"xp","event_class":"App\\Game\\Messages\\Events\\ServerMessageEvent","exception_class":"RuntimeException","exception_message":"broadcast failed"} 
[2026-09-12 20:27:53] testing.DEBUG: message.skipped_emitted {"character_id":1984,"request_id":51,"step_name":"xp","status":"emitted"} 
[2026-09-12 20:27:53] testing.DEBUG: message.emitted {"character_id":1987,"request_id":55,"step_name":"xp","status":"emitted"} 
[2026-09-12 20:27:53] testing.DEBUG: message.skipped_emitted {"character_id":1988,"request_id":56,"step_name":"xp","status":"emitted"} 
[2026-09-12 20:27:54] testing.DEBUG: message.stored {"character_id":1989,"request_id":57,"step_name":"currency_rewards","status":"pending"} 
[2026-09-12 20:27:54] testing.DEBUG: message.emitted {"character_id":1989,"request_id":57,"step_name":"currency_rewards","status":"emitted"} 
[2026-09-12 20:27:54] testing.DEBUG: resume.dispatched_processor {"character_id":1990} 
[2026-09-12 20:27:54] testing.DEBUG: resume.completed {"repaired_queue_state_count":1,"resumed_processing_request_count":0,"legacy_failed_processing_request_count":0,"restarted_processor_count":1,"cleared_inactive_queue_state_count":0,"resumable_step_count":0,"unemitted_message_count":0,"would_resume_processing_request_count":0,"would_legacy_fail_processing_request_count":0} 
[2026-09-12 20:27:54] testing.DEBUG: resume.completed {"repaired_queue_state_count":1,"resumed_processing_request_count":0,"legacy_failed_processing_request_count":1,"restarted_processor_count":0,"cleared_inactive_queue_state_count":1,"resumable_step_count":0,"unemitted_message_count":0,"would_resume_processing_request_count":0,"would_legacy_fail_processing_request_count":0} 
[2026-09-12 20:27:54] testing.DEBUG: resume.dispatched_processor {"character_id":1992} 
[2026-09-12 20:27:54] testing.DEBUG: resume.completed {"repaired_queue_state_count":1,"resumed_processing_request_count":0,"legacy_failed_processing_request_count":0,"restarted_processor_count":1,"cleared_inactive_queue_state_count":0,"resumable_step_count":0,"unemitted_message_count":0,"would_resume_processing_request_count":0,"would_legacy_fail_processing_request_count":0} 
[2026-09-12 20:27:54] testing.DEBUG: resume.completed {"repaired_queue_state_count":1,"resumed_processing_request_count":0,"legacy_failed_processing_request_count":0,"restarted_processor_count":0,"cleared_inactive_queue_state_count":1,"resumable_step_count":0,"unemitted_message_count":0,"would_resume_processing_request_count":0,"would_legacy_fail_processing_request_count":0} 
[2026-09-12 20:27:55] testing.DEBUG: resume.completed {"repaired_queue_state_count":0,"resumed_processing_request_count":0,"legacy_failed_processing_request_count":0,"restarted_processor_count":0,"cleared_inactive_queue_state_count":0,"resumable_step_count":0,"unemitted_message_count":0,"would_resume_processing_request_count":0,"would_legacy_fail_processing_request_count":0} 
[2026-09-12 20:27:55] testing.DEBUG: resume.completed {"repaired_queue_state_count":1,"resumed_processing_request_count":0,"legacy_failed_processing_request_count":0,"restarted_processor_count":0,"cleared_inactive_queue_state_count":1,"resumable_step_count":0,"unemitted_message_count":0,"would_resume_processing_request_count":0,"would_legacy_fail_processing_request_count":0} 
[2026-09-12 20:27:55] testing.DEBUG: resume.completed {"repaired_queue_state_count":1,"resumed_processing_request_count":0,"legacy_failed_processing_request_count":0,"restarted_processor_count":0,"cleared_inactive_queue_state_count":1,"resumable_step_count":0,"unemitted_message_count":0,"would_resume_processing_request_count":0,"would_legacy_fail_processing_request_count":0} 
[2026-09-12 20:27:55] testing.DEBUG: resume.dispatched_processor {"character_id":1997} 
[2026-09-12 20:27:55] testing.DEBUG: resume.completed {"repaired_queue_state_count":1,"resumed_processing_request_count":0,"legacy_failed_processing_request_count":1,"restarted_processor_count":1,"cleared_inactive_queue_state_count":0,"resumable_step_count":0,"unemitted_message_count":0,"would_resume_processing_request_count":0,"would_legacy_fail_processing_request_count":0} 
[2026-09-12 20:27:55] testing.DEBUG: resume.all_completed {"recovered_processing_request_count":0,"would_recover_processing_request_count":0,"pending_only_lane_wake_count":0,"would_pending_only_lane_wake_count":0,"inactive_queue_state_count":0,"would_inactive_queue_state_count":0,"legacy_failed_processing_request_count":0,"legacy_skipped_processing_request_count":0,"locked_skipped_count":0,"locked_recovery_blocked_count":0,"released_lock_count":0,"would_release_lock_count":0,"restarted_processor_count":0,"resumable_step_count":0,"unemitted_message_count":0} 
[2026-09-12 20:27:55] testing.DEBUG: resume.recovered_request {"character_id":1998,"request_id":65,"status":"resumable","source_type":"battle"} 
[2026-09-12 20:27:55] testing.DEBUG: resume.dispatched_processor {"character_id":1998} 
[2026-09-12 20:27:55] testing.DEBUG: resume.all_completed {"recovered_processing_request_count":1,"would_recover_processing_request_count":0,"pending_only_lane_wake_count":0,"would_pending_only_lane_wake_count":0,"inactive_queue_state_count":0,"would_inactive_queue_state_count":0,"legacy_failed_processing_request_count":0,"legacy_skipped_processing_request_count":0,"locked_skipped_count":0,"locked_recovery_blocked_count":0,"released_lock_count":0,"would_release_lock_count":0,"restarted_processor_count":1,"resumable_step_count":1,"unemitted_message_count":0} 
[2026-09-12 20:27:56] testing.DEBUG: resume.recovered_request {"character_id":1999,"request_id":66,"status":"resumable","source_type":"battle"} 
[2026-09-12 20:27:56] testing.DEBUG: resume.dispatched_processor {"character_id":1999} 
[2026-09-12 20:27:56] testing.DEBUG: resume.all_completed {"recovered_processing_request_count":1,"would_recover_processing_request_count":0,"pending_only_lane_wake_count":0,"would_pending_only_lane_wake_count":0,"inactive_queue_state_count":0,"would_inactive_queue_state_count":0,"legacy_failed_processing_request_count":0,"legacy_skipped_processing_request_count":0,"locked_skipped_count":0,"locked_recovery_blocked_count":0,"released_lock_count":0,"would_release_lock_count":0,"restarted_processor_count":1,"resumable_step_count":1,"unemitted_message_count":0} 
[2026-09-12 20:27:56] testing.DEBUG: resume.all_completed {"recovered_processing_request_count":0,"would_recover_processing_request_count":1,"pending_only_lane_wake_count":0,"would_pending_only_lane_wake_count":0,"inactive_queue_state_count":0,"would_inactive_queue_state_count":0,"legacy_failed_processing_request_count":0,"legacy_skipped_processing_request_count":0,"locked_skipped_count":0,"locked_recovery_blocked_count":0,"released_lock_count":0,"would_release_lock_count":0,"restarted_processor_count":0,"resumable_step_count":0,"unemitted_message_count":0} 
[2026-09-12 20:27:56] testing.DEBUG: resume.recovered_request {"character_id":2001,"request_id":68,"status":"resumable","source_type":"battle"} 
[2026-09-12 20:27:56] testing.DEBUG: resume.dispatched_processor {"character_id":2001} 
[2026-09-12 20:27:56] testing.DEBUG: resume.all_completed {"recovered_processing_request_count":1,"would_recover_processing_request_count":0,"pending_only_lane_wake_count":0,"would_pending_only_lane_wake_count":0,"inactive_queue_state_count":0,"would_inactive_queue_state_count":0,"legacy_failed_processing_request_count":0,"legacy_skipped_processing_request_count":0,"locked_skipped_count":0,"locked_recovery_blocked_count":0,"released_lock_count":0,"would_release_lock_count":0,"restarted_processor_count":1,"resumable_step_count":2,"unemitted_message_count":0} 
[2026-09-12 20:27:56] testing.DEBUG: resume.dispatched_processor {"character_id":2002} 
[2026-09-12 20:27:56] testing.DEBUG: resume.all_completed {"recovered_processing_request_count":0,"would_recover_processing_request_count":0,"pending_only_lane_wake_count":1,"would_pending_only_lane_wake_count":0,"inactive_queue_state_count":0,"would_inactive_queue_state_count":0,"legacy_failed_processing_request_count":0,"legacy_skipped_processing_request_count":0,"locked_skipped_count":0,"locked_recovery_blocked_count":0,"released_lock_count":0,"would_release_lock_count":0,"restarted_processor_count":1,"resumable_step_count":0,"unemitted_message_count":0} 
[2026-09-12 20:27:56] testing.DEBUG: resume.all_completed {"recovered_processing_request_count":0,"would_recover_processing_request_count":0,"pending_only_lane_wake_count":0,"would_pending_only_lane_wake_count":1,"inactive_queue_state_count":0,"would_inactive_queue_state_count":0,"legacy_failed_processing_request_count":0,"legacy_skipped_processing_request_count":0,"locked_skipped_count":0,"locked_recovery_blocked_count":0,"released_lock_count":0,"would_release_lock_count":0,"restarted_processor_count":0,"resumable_step_count":0,"unemitted_message_count":0} 
[2026-09-12 20:27:56] testing.DEBUG: resume.all_completed {"recovered_processing_request_count":0,"would_recover_processing_request_count":0,"pending_only_lane_wake_count":0,"would_pending_only_lane_wake_count":0,"inactive_queue_state_count":1,"would_inactive_queue_state_count":0,"legacy_failed_processing_request_count":0,"legacy_skipped_processing_request_count":0,"locked_skipped_count":0,"locked_recovery_blocked_count":0,"released_lock_count":0,"would_release_lock_count":0,"restarted_processor_count":0,"resumable_step_count":0,"unemitted_message_count":0} 
[2026-09-12 20:27:57] testing.DEBUG: resume.all_completed {"recovered_processing_request_count":0,"would_recover_processing_request_count":0,"pending_only_lane_wake_count":0,"would_pending_only_lane_wake_count":0,"inactive_queue_state_count":0,"would_inactive_queue_state_count":1,"legacy_failed_processing_request_count":0,"legacy_skipped_processing_request_count":0,"locked_skipped_count":0,"locked_recovery_blocked_count":0,"released_lock_count":0,"would_release_lock_count":0,"restarted_processor_count":0,"resumable_step_count":0,"unemitted_message_count":0} 
[2026-09-12 20:27:57] testing.DEBUG: resume.all_completed {"recovered_processing_request_count":0,"would_recover_processing_request_count":0,"pending_only_lane_wake_count":0,"would_pending_only_lane_wake_count":0,"inactive_queue_state_count":0,"would_inactive_queue_state_count":0,"legacy_failed_processing_request_count":0,"legacy_skipped_processing_request_count":1,"locked_skipped_count":0,"locked_recovery_blocked_count":0,"released_lock_count":0,"would_release_lock_count":0,"restarted_processor_count":0,"resumable_step_count":0,"unemitted_message_count":0} 
[2026-09-12 20:27:57] testing.DEBUG: resume.all_completed {"recovered_processing_request_count":0,"would_recover_processing_request_count":0,"pending_only_lane_wake_count":0,"would_pending_only_lane_wake_count":0,"inactive_queue_state_count":0,"would_inactive_queue_state_count":0,"legacy_failed_processing_request_count":1,"legacy_skipped_processing_request_count":0,"locked_skipped_count":0,"locked_recovery_blocked_count":0,"released_lock_count":0,"would_release_lock_count":0,"restarted_processor_count":0,"resumable_step_count":0,"unemitted_message_count":0} 
[2026-09-12 20:27:57] testing.DEBUG: resume.recovered_request {"character_id":2008,"request_id":73,"status":"resumable","source_type":"battle"} 
[2026-09-12 20:27:57] testing.DEBUG: resume.dispatched_processor {"character_id":2008} 
[2026-09-12 20:27:57] testing.DEBUG: resume.all_completed {"recovered_processing_request_count":1,"would_recover_processing_request_count":0,"pending_only_lane_wake_count":0,"would_pending_only_lane_wake_count":0,"inactive_queue_state_count":0,"would_inactive_queue_state_count":0,"legacy_failed_processing_request_count":0,"legacy_skipped_processing_request_count":0,"locked_skipped_count":0,"locked_recovery_blocked_count":0,"released_lock_count":1,"would_release_lock_count":0,"restarted_processor_count":1,"resumable_step_count":1,"unemitted_message_count":0} 
[2026-09-12 20:27:57] testing.DEBUG: resume.all_completed {"recovered_processing_request_count":0,"would_recover_processing_request_count":0,"pending_only_lane_wake_count":0,"would_pending_only_lane_wake_count":0,"inactive_queue_state_count":0,"would_inactive_queue_state_count":0,"legacy_failed_processing_request_count":0,"legacy_skipped_processing_request_count":0,"locked_skipped_count":0,"locked_recovery_blocked_count":0,"released_lock_count":0,"would_release_lock_count":1,"restarted_processor_count":0,"resumable_step_count":0,"unemitted_message_count":0} 
[2026-09-12 20:27:58] testing.DEBUG: resume.all_completed {"recovered_processing_request_count":0,"would_recover_processing_request_count":0,"pending_only_lane_wake_count":0,"would_pending_only_lane_wake_count":0,"inactive_queue_state_count":0,"would_inactive_queue_state_count":0,"legacy_failed_processing_request_count":0,"legacy_skipped_processing_request_count":0,"locked_skipped_count":0,"locked_recovery_blocked_count":1,"released_lock_count":0,"would_release_lock_count":0,"restarted_processor_count":0,"resumable_step_count":0,"unemitted_message_count":0} 
[2026-09-12 20:27:58] testing.DEBUG: resume.all_completed {"recovered_processing_request_count":0,"would_recover_processing_request_count":0,"pending_only_lane_wake_count":0,"would_pending_only_lane_wake_count":0,"inactive_queue_state_count":0,"would_inactive_queue_state_count":0,"legacy_failed_processing_request_count":0,"legacy_skipped_processing_request_count":0,"locked_skipped_count":0,"locked_recovery_blocked_count":1,"released_lock_count":0,"would_release_lock_count":0,"restarted_processor_count":0,"resumable_step_count":0,"unemitted_message_count":0} 
[2026-09-12 20:27:58] testing.DEBUG: resume.recovered_request {"character_id":2012,"request_id":76,"status":"resumable","source_type":"battle"} 
[2026-09-12 20:27:58] testing.DEBUG: resume.dispatched_processor {"character_id":2012} 
[2026-09-12 20:27:58] testing.DEBUG: resume.all_completed {"recovered_processing_request_count":1,"would_recover_processing_request_count":0,"pending_only_lane_wake_count":0,"would_pending_only_lane_wake_count":0,"inactive_queue_state_count":0,"would_inactive_queue_state_count":0,"legacy_failed_processing_request_count":0,"legacy_skipped_processing_request_count":0,"locked_skipped_count":0,"locked_recovery_blocked_count":0,"released_lock_count":0,"would_release_lock_count":0,"restarted_processor_count":1,"resumable_step_count":1,"unemitted_message_count":0} 
[2026-09-12 20:27:58] testing.DEBUG: resume.recovered_request {"character_id":2013,"request_id":77,"status":"resumable","source_type":"battle"} 
[2026-09-12 20:27:58] testing.DEBUG: resume.dispatched_processor {"character_id":2013} 
[2026-09-12 20:27:58] testing.DEBUG: resume.all_completed {"recovered_processing_request_count":1,"would_recover_processing_request_count":0,"pending_only_lane_wake_count":0,"would_pending_only_lane_wake_count":0,"inactive_queue_state_count":0,"would_inactive_queue_state_count":0,"legacy_failed_processing_request_count":0,"legacy_skipped_processing_request_count":0,"locked_skipped_count":0,"locked_recovery_blocked_count":0,"released_lock_count":0,"would_release_lock_count":0,"restarted_processor_count":1,"resumable_step_count":1,"unemitted_message_count":0} 
[2026-09-12 20:27:58] testing.DEBUG: resume.dispatched_processor {"character_id":2014} 
[2026-09-12 20:27:58] testing.DEBUG: resume.all_completed {"recovered_processing_request_count":0,"would_recover_processing_request_count":0,"pending_only_lane_wake_count":1,"would_pending_only_lane_wake_count":0,"inactive_queue_state_count":0,"would_inactive_queue_state_count":0,"legacy_failed_processing_request_count":0,"legacy_skipped_processing_request_count":0,"locked_skipped_count":0,"locked_recovery_blocked_count":0,"released_lock_count":0,"would_release_lock_count":0,"restarted_processor_count":1,"resumable_step_count":0,"unemitted_message_count":0} 
[2026-09-12 20:27:59] testing.DEBUG: resume.recovered_request {"character_id":2015,"request_id":79,"status":"resumable","source_type":"battle"} 
[2026-09-12 20:27:59] testing.DEBUG: resume.dispatched_processor {"character_id":2015} 
[2026-09-12 20:27:59] testing.DEBUG: resume.all_completed {"recovered_processing_request_count":1,"would_recover_processing_request_count":0,"pending_only_lane_wake_count":0,"would_pending_only_lane_wake_count":0,"inactive_queue_state_count":0,"would_inactive_queue_state_count":0,"legacy_failed_processing_request_count":0,"legacy_skipped_processing_request_count":0,"locked_skipped_count":0,"locked_recovery_blocked_count":0,"released_lock_count":0,"would_release_lock_count":0,"restarted_processor_count":1,"resumable_step_count":1,"unemitted_message_count":0} 
[2026-09-12 20:27:59] testing.DEBUG: resume.dispatched_processor {"character_id":2015} 
[2026-09-12 20:27:59] testing.DEBUG: resume.all_completed {"recovered_processing_request_count":0,"would_recover_processing_request_count":0,"pending_only_lane_wake_count":1,"would_pending_only_lane_wake_count":0,"inactive_queue_state_count":0,"would_inactive_queue_state_count":0,"legacy_failed_processing_request_count":0,"legacy_skipped_processing_request_count":0,"locked_skipped_count":0,"locked_recovery_blocked_count":0,"released_lock_count":0,"would_release_lock_count":0,"restarted_processor_count":1,"resumable_step_count":0,"unemitted_message_count":0} 
[2026-09-12 20:27:59] testing.DEBUG: resume.all_completed {"recovered_processing_request_count":0,"would_recover_processing_request_count":0,"pending_only_lane_wake_count":0,"would_pending_only_lane_wake_count":0,"inactive_queue_state_count":0,"would_inactive_queue_state_count":0,"legacy_failed_processing_request_count":0,"legacy_skipped_processing_request_count":0,"locked_skipped_count":0,"locked_recovery_blocked_count":1,"released_lock_count":0,"would_release_lock_count":0,"restarted_processor_count":0,"resumable_step_count":0,"unemitted_message_count":0} 
[2026-09-12 20:27:59] testing.DEBUG: resume.recovered_request {"character_id":2017,"request_id":81,"status":"resumable","source_type":"battle"} 
[2026-09-12 20:27:59] testing.DEBUG: resume.dispatched_processor {"character_id":2017} 
[2026-09-12 20:27:59] testing.DEBUG: resume.all_completed {"recovered_processing_request_count":1,"would_recover_processing_request_count":0,"pending_only_lane_wake_count":0,"would_pending_only_lane_wake_count":0,"inactive_queue_state_count":0,"would_inactive_queue_state_count":0,"legacy_failed_processing_request_count":0,"legacy_skipped_processing_request_count":0,"locked_skipped_count":0,"locked_recovery_blocked_count":0,"released_lock_count":0,"would_release_lock_count":0,"restarted_processor_count":1,"resumable_step_count":1,"unemitted_message_count":0} 
[2026-09-12 20:27:59] testing.DEBUG: resume.recovered_request {"character_id":2019,"request_id":83,"status":"resumable","source_type":"battle"} 
[2026-09-12 20:27:59] testing.DEBUG: resume.dispatched_processor {"character_id":2019} 
[2026-09-12 20:27:59] testing.DEBUG: resume.all_completed {"recovered_processing_request_count":1,"would_recover_processing_request_count":0,"pending_only_lane_wake_count":0,"would_pending_only_lane_wake_count":0,"inactive_queue_state_count":0,"would_inactive_queue_state_count":0,"legacy_failed_processing_request_count":0,"legacy_skipped_processing_request_count":0,"locked_skipped_count":0,"locked_recovery_blocked_count":0,"released_lock_count":0,"would_release_lock_count":0,"restarted_processor_count":1,"resumable_step_count":1,"unemitted_message_count":0} 
[2026-09-12 20:28:00] testing.DEBUG: resume.recovered_request {"character_id":2020,"request_id":84,"status":"resumable","source_type":"battle"} 
[2026-09-12 20:28:00] testing.DEBUG: resume.dispatched_processor {"character_id":2020} 
[2026-09-12 20:28:00] testing.DEBUG: resume.dispatched_processor {"character_id":2021} 
[2026-09-12 20:28:00] testing.DEBUG: resume.all_completed {"recovered_processing_request_count":1,"would_recover_processing_request_count":0,"pending_only_lane_wake_count":1,"would_pending_only_lane_wake_count":0,"inactive_queue_state_count":0,"would_inactive_queue_state_count":0,"legacy_failed_processing_request_count":0,"legacy_skipped_processing_request_count":0,"locked_skipped_count":0,"locked_recovery_blocked_count":0,"released_lock_count":0,"would_release_lock_count":0,"restarted_processor_count":2,"resumable_step_count":1,"unemitted_message_count":0} 
[2026-09-12 20:28:00] testing.DEBUG: resume.recovered_request {"character_id":2022,"request_id":86,"status":"resumable","source_type":"battle"} 
[2026-09-12 20:28:00] testing.DEBUG: resume.dispatched_processor {"character_id":2022} 
[2026-09-12 20:28:00] testing.DEBUG: resume.all_completed {"recovered_processing_request_count":1,"would_recover_processing_request_count":0,"pending_only_lane_wake_count":0,"would_pending_only_lane_wake_count":0,"inactive_queue_state_count":0,"would_inactive_queue_state_count":0,"legacy_failed_processing_request_count":0,"legacy_skipped_processing_request_count":0,"locked_skipped_count":0,"locked_recovery_blocked_count":0,"released_lock_count":0,"would_release_lock_count":0,"restarted_processor_count":1,"resumable_step_count":1,"unemitted_message_count":1} 
[2026-09-12 20:28:00] testing.DEBUG: step.created {"character_id":2023,"request_id":87,"step_name":"build_reward_plan","status":"pending","source_type":"battle"} 
[2026-09-12 20:28:00] testing.DEBUG: step.created {"character_id":2023,"request_id":87,"step_name":"skill_points","status":"pending","source_type":"battle"} 
[2026-09-12 20:28:00] testing.DEBUG: step.created {"character_id":2023,"request_id":87,"step_name":"faction_points","status":"pending","source_type":"battle"} 
[2026-09-12 20:28:00] testing.DEBUG: step.created {"character_id":2023,"request_id":87,"step_name":"faction_loyalty_bounty","status":"pending","source_type":"battle"} 
[2026-09-12 20:28:00] testing.DEBUG: step.created {"character_id":2023,"request_id":87,"step_name":"currency_rewards","status":"pending","source_type":"battle"} 
[2026-09-12 20:28:00] testing.DEBUG: step.created {"character_id":2023,"request_id":87,"step_name":"specific_location_rewards","status":"pending","source_type":"battle"} 
[2026-09-12 20:28:00] testing.DEBUG: step.created {"character_id":2023,"request_id":87,"step_name":"item_drops","status":"pending","source_type":"battle"} 
[2026-09-12 20:28:00] testing.DEBUG: step.created {"character_id":2023,"request_id":87,"step_name":"weekly_rewards","status":"pending","source_type":"battle"} 
[2026-09-12 20:28:00] testing.DEBUG: step.created {"character_id":2023,"request_id":87,"step_name":"secondary_rewards","status":"pending","source_type":"battle"} 
[2026-09-12 20:28:00] testing.DEBUG: step.created {"character_id":2023,"request_id":87,"step_name":"global_event_participation","status":"pending","source_type":"battle"} 
[2026-09-12 20:28:00] testing.DEBUG: step.created {"character_id":2023,"request_id":87,"step_name":"xp","status":"pending","source_type":"battle"} 
[2026-09-12 20:28:00] testing.DEBUG: step.created {"character_id":2023,"request_id":87,"step_name":"gem_world_rewards","status":"pending","source_type":"battle"} 
[2026-09-12 20:28:00] testing.DEBUG: step.created {"character_id":2023,"request_id":87,"step_name":"exploration_context","status":"pending","source_type":"battle"} 
[2026-09-12 20:28:00] testing.DEBUG: step.created {"character_id":2023,"request_id":87,"step_name":"winter_event","status":"pending","source_type":"battle"} 
[2026-09-12 20:28:00] testing.DEBUG: step.created {"character_id":2023,"request_id":87,"step_name":"final_player_updates","status":"pending","source_type":"battle"} 
[2026-09-12 20:28:00] testing.DEBUG: step.created {"character_id":2023,"request_id":87,"step_name":"message_outbox","status":"pending","source_type":"battle"} 
[2026-09-12 20:28:00] testing.DEBUG: ledger.created {"character_id":2023,"request_id":87,"status":"created","source_type":"battle"} 
[2026-09-12 20:28:00] testing.DEBUG: step.skipped_completed {"character_id":2023,"request_id":87,"step_name":"build_reward_plan","status":"completed","source_type":"battle","attempts":0} 
[2026-09-12 20:28:00] testing.DEBUG: step.skipped_completed {"character_id":2023,"request_id":87,"step_name":"skill_points","status":"completed","source_type":"battle","attempts":0} 
[2026-09-12 20:28:00] testing.DEBUG: step.skipped_completed {"character_id":2023,"request_id":87,"step_name":"faction_points","status":"completed","source_type":"battle","attempts":0} 
[2026-09-12 20:28:00] testing.DEBUG: step.skipped_completed {"character_id":2023,"request_id":87,"step_name":"faction_loyalty_bounty","status":"completed","source_type":"battle","attempts":0} 
[2026-09-12 20:28:00] testing.DEBUG: step.skipped_completed {"character_id":2023,"request_id":87,"step_name":"currency_rewards","status":"completed","source_type":"battle","attempts":0} 
[2026-09-12 20:28:00] testing.DEBUG: step.skipped_completed {"character_id":2023,"request_id":87,"step_name":"specific_location_rewards","status":"completed","source_type":"battle","attempts":0} 
[2026-09-12 20:28:00] testing.DEBUG: step.skipped_completed {"character_id":2023,"request_id":87,"step_name":"item_drops","status":"completed","source_type":"battle","attempts":0} 
[2026-09-12 20:28:00] testing.DEBUG: step.skipped_completed {"character_id":2023,"request_id":87,"step_name":"weekly_rewards","status":"completed","source_type":"battle","attempts":0} 
[2026-09-12 20:28:00] testing.DEBUG: step.skipped_completed {"character_id":2023,"request_id":87,"step_name":"secondary_rewards","status":"completed","source_type":"battle","attempts":0} 
[2026-09-12 20:28:00] testing.DEBUG: step.skipped_completed {"character_id":2023,"request_id":87,"step_name":"global_event_participation","status":"completed","source_type":"battle","attempts":0} 
[2026-09-12 20:28:00] testing.DEBUG: step.started {"character_id":2023,"request_id":87,"step_name":"xp","status":"running","source_type":"battle","attempts":1} 
[2026-09-12 20:28:00] testing.DEBUG: step.checkpointed {"character_id":2023,"request_id":87,"step_name":"xp","status":"checkpointed","source_type":"battle","attempts":1,"checkpoint_summary":"applied_xp,levels_awarded,current_level,current_xp,remaining_xp,last_checkpoint_at"} 
[2026-09-12 20:28:00] testing.DEBUG: step.checkpointed {"character_id":2023,"request_id":87,"step_name":"xp","status":"checkpointed","source_type":"battle","attempts":1,"checkpoint_summary":"applied_xp,levels_awarded,current_level,current_xp,remaining_xp,last_checkpoint_at"} 
[2026-09-12 20:28:00] testing.DEBUG: step.completed {"character_id":2023,"request_id":87,"step_name":"xp","status":"completed","source_type":"battle","attempts":1} 
[2026-09-12 20:28:00] testing.DEBUG: step.skipped_completed {"character_id":2023,"request_id":87,"step_name":"gem_world_rewards","status":"completed","source_type":"battle","attempts":0} 
[2026-09-12 20:28:00] testing.DEBUG: step.skipped_completed {"character_id":2023,"request_id":87,"step_name":"exploration_context","status":"completed","source_type":"battle","attempts":0} 
[2026-09-12 20:28:00] testing.DEBUG: step.skipped_completed {"character_id":2023,"request_id":87,"step_name":"winter_event","status":"completed","source_type":"battle","attempts":0} 
[2026-09-12 20:28:00] testing.DEBUG: step.skipped_completed {"character_id":2023,"request_id":87,"step_name":"final_player_updates","status":"completed","source_type":"battle","attempts":0} 
[2026-09-12 20:28:00] testing.DEBUG: step.skipped_completed {"character_id":2023,"request_id":87,"step_name":"message_outbox","status":"completed","source_type":"battle","attempts":0} 
[2026-09-12 20:28:00] testing.DEBUG: step.created {"character_id":2024,"request_id":88,"step_name":"build_reward_plan","status":"pending","source_type":"battle"} 
[2026-09-12 20:28:00] testing.DEBUG: step.created {"character_id":2024,"request_id":88,"step_name":"skill_points","status":"pending","source_type":"battle"} 
[2026-09-12 20:28:00] testing.DEBUG: step.created {"character_id":2024,"request_id":88,"step_name":"faction_points","status":"pending","source_type":"battle"} 
[2026-09-12 20:28:00] testing.DEBUG: step.created {"character_id":2024,"request_id":88,"step_name":"faction_loyalty_bounty","status":"pending","source_type":"battle"} 
[2026-09-12 20:28:00] testing.DEBUG: step.created {"character_id":2024,"request_id":88,"step_name":"currency_rewards","status":"pending","source_type":"battle"} 
[2026-09-12 20:28:00] testing.DEBUG: step.created {"character_id":2024,"request_id":88,"step_name":"specific_location_rewards","status":"pending","source_type":"battle"} 
[2026-09-12 20:28:00] testing.DEBUG: step.created {"character_id":2024,"request_id":88,"step_name":"item_drops","status":"pending","source_type":"battle"} 
[2026-09-12 20:28:00] testing.DEBUG: step.created {"character_id":2024,"request_id":88,"step_name":"weekly_rewards","status":"pending","source_type":"battle"} 
[2026-09-12 20:28:00] testing.DEBUG: step.created {"character_id":2024,"request_id":88,"step_name":"secondary_rewards","status":"pending","source_type":"battle"} 
[2026-09-12 20:28:00] testing.DEBUG: step.created {"character_id":2024,"request_id":88,"step_name":"global_event_participation","status":"pending","source_type":"battle"} 
[2026-09-12 20:28:00] testing.DEBUG: step.created {"character_id":2024,"request_id":88,"step_name":"xp","status":"pending","source_type":"battle"} 
[2026-09-12 20:28:00] testing.DEBUG: step.created {"character_id":2024,"request_id":88,"step_name":"gem_world_rewards","status":"pending","source_type":"battle"} 
[2026-09-12 20:28:00] testing.DEBUG: step.created {"character_id":2024,"request_id":88,"step_name":"exploration_context","status":"pending","source_type":"battle"} 
[2026-09-12 20:28:00] testing.DEBUG: step.created {"character_id":2024,"request_id":88,"step_name":"winter_event","status":"pending","source_type":"battle"} 
[2026-09-12 20:28:00] testing.DEBUG: step.created {"character_id":2024,"request_id":88,"step_name":"final_player_updates","status":"pending","source_type":"battle"} 
[2026-09-12 20:28:00] testing.DEBUG: step.created {"character_id":2024,"request_id":88,"step_name":"message_outbox","status":"pending","source_type":"battle"} 
[2026-09-12 20:28:00] testing.DEBUG: ledger.created {"character_id":2024,"request_id":88,"status":"created","source_type":"battle"} 
[2026-09-12 20:28:00] testing.DEBUG: step.skipped_completed {"character_id":2024,"request_id":88,"step_name":"build_reward_plan","status":"completed","source_type":"battle","attempts":0} 
[2026-09-12 20:28:00] testing.DEBUG: step.skipped_completed {"character_id":2024,"request_id":88,"step_name":"skill_points","status":"completed","source_type":"battle","attempts":0} 
[2026-09-12 20:28:00] testing.DEBUG: step.skipped_completed {"character_id":2024,"request_id":88,"step_name":"faction_points","status":"completed","source_type":"battle","attempts":0} 
[2026-09-12 20:28:00] testing.DEBUG: step.skipped_completed {"character_id":2024,"request_id":88,"step_name":"faction_loyalty_bounty","status":"completed","source_type":"battle","attempts":0} 
[2026-09-12 20:28:00] testing.DEBUG: step.skipped_completed {"character_id":2024,"request_id":88,"step_name":"currency_rewards","status":"completed","source_type":"battle","attempts":0} 
[2026-09-12 20:28:00] testing.DEBUG: step.skipped_completed {"character_id":2024,"request_id":88,"step_name":"specific_location_rewards","status":"completed","source_type":"battle","attempts":0} 
[2026-09-12 20:28:00] testing.DEBUG: step.skipped_completed {"character_id":2024,"request_id":88,"step_name":"item_drops","status":"completed","source_type":"battle","attempts":0} 
[2026-09-12 20:28:00] testing.DEBUG: step.skipped_completed {"character_id":2024,"request_id":88,"step_name":"weekly_rewards","status":"completed","source_type":"battle","attempts":0} 
[2026-09-12 20:28:00] testing.DEBUG: step.skipped_completed {"character_id":2024,"request_id":88,"step_name":"secondary_rewards","status":"completed","source_type":"battle","attempts":0} 
[2026-09-12 20:28:00] testing.DEBUG: step.skipped_completed {"character_id":2024,"request_id":88,"step_name":"global_event_participation","status":"completed","source_type":"battle","attempts":0} 
[2026-09-12 20:28:00] testing.DEBUG: step.started {"character_id":2024,"request_id":88,"step_name":"xp","status":"running","source_type":"battle","attempts":1} 
[2026-09-12 20:28:00] testing.DEBUG: step.checkpointed {"character_id":2024,"request_id":88,"step_name":"xp","status":"checkpointed","source_type":"battle","attempts":1,"checkpoint_summary":"applied_xp,levels_awarded,current_level,current_xp,remaining_xp,last_checkpoint_at"} 
[2026-09-12 20:28:00] testing.DEBUG: step.checkpointed {"character_id":2024,"request_id":88,"step_name":"xp","status":"checkpointed","source_type":"battle","attempts":1,"checkpoint_summary":"applied_xp,levels_awarded,current_level,current_xp,remaining_xp,last_checkpoint_at"} 
[2026-09-12 20:28:00] testing.DEBUG: step.completed {"character_id":2024,"request_id":88,"step_name":"xp","status":"completed","source_type":"battle","attempts":1} 
[2026-09-12 20:28:00] testing.DEBUG: step.skipped_completed {"character_id":2024,"request_id":88,"step_name":"gem_world_rewards","status":"completed","source_type":"battle","attempts":0} 
[2026-09-12 20:28:00] testing.DEBUG: step.skipped_completed {"character_id":2024,"request_id":88,"step_name":"exploration_context","status":"completed","source_type":"battle","attempts":0} 
[2026-09-12 20:28:00] testing.DEBUG: step.skipped_completed {"character_id":2024,"request_id":88,"step_name":"winter_event","status":"completed","source_type":"battle","attempts":0} 
[2026-09-12 20:28:00] testing.DEBUG: step.skipped_completed {"character_id":2024,"request_id":88,"step_name":"final_player_updates","status":"completed","source_type":"battle","attempts":0} 
[2026-09-12 20:28:00] testing.DEBUG: step.skipped_completed {"character_id":2024,"request_id":88,"step_name":"message_outbox","status":"completed","source_type":"battle","attempts":0} 
[2026-09-12 20:28:01] testing.DEBUG: step.created {"character_id":2025,"request_id":89,"step_name":"build_reward_plan","status":"pending","source_type":"battle"} 
[2026-09-12 20:28:01] testing.DEBUG: step.created {"character_id":2025,"request_id":89,"step_name":"skill_points","status":"pending","source_type":"battle"} 
[2026-09-12 20:28:01] testing.DEBUG: step.created {"character_id":2025,"request_id":89,"step_name":"faction_points","status":"pending","source_type":"battle"} 
[2026-09-12 20:28:01] testing.DEBUG: step.created {"character_id":2025,"request_id":89,"step_name":"faction_loyalty_bounty","status":"pending","source_type":"battle"} 
[2026-09-12 20:28:01] testing.DEBUG: step.created {"character_id":2025,"request_id":89,"step_name":"currency_rewards","status":"pending","source_type":"battle"} 
[2026-09-12 20:28:01] testing.DEBUG: step.created {"character_id":2025,"request_id":89,"step_name":"specific_location_rewards","status":"pending","source_type":"battle"} 
[2026-09-12 20:28:01] testing.DEBUG: step.created {"character_id":2025,"request_id":89,"step_name":"item_drops","status":"pending","source_type":"battle"} 
[2026-09-12 20:28:01] testing.DEBUG: step.created {"character_id":2025,"request_id":89,"step_name":"weekly_rewards","status":"pending","source_type":"battle"} 
[2026-09-12 20:28:01] testing.DEBUG: step.created {"character_id":2025,"request_id":89,"step_name":"secondary_rewards","status":"pending","source_type":"battle"} 
[2026-09-12 20:28:01] testing.DEBUG: step.created {"character_id":2025,"request_id":89,"step_name":"global_event_participation","status":"pending","source_type":"battle"} 
[2026-09-12 20:28:01] testing.DEBUG: step.created {"character_id":2025,"request_id":89,"step_name":"xp","status":"pending","source_type":"battle"} 
[2026-09-12 20:28:01] testing.DEBUG: step.created {"character_id":2025,"request_id":89,"step_name":"gem_world_rewards","status":"pending","source_type":"battle"} 
[2026-09-12 20:28:01] testing.DEBUG: step.created {"character_id":2025,"request_id":89,"step_name":"exploration_context","status":"pending","source_type":"battle"} 
[2026-09-12 20:28:01] testing.DEBUG: step.created {"character_id":2025,"request_id":89,"step_name":"winter_event","status":"pending","source_type":"battle"} 
[2026-09-12 20:28:01] testing.DEBUG: step.created {"character_id":2025,"request_id":89,"step_name":"final_player_updates","status":"pending","source_type":"battle"} 
[2026-09-12 20:28:01] testing.DEBUG: step.created {"character_id":2025,"request_id":89,"step_name":"message_outbox","status":"pending","source_type":"battle"} 
[2026-09-12 20:28:01] testing.DEBUG: ledger.created {"character_id":2025,"request_id":89,"status":"created","source_type":"battle"} 
[2026-09-12 20:28:01] testing.DEBUG: resume.force_recovered_request {"character_id":2025,"request_id":89,"status":"resumable","source_type":"battle","source_id":null} 
[2026-09-12 20:28:01] testing.DEBUG: step.created {"character_id":2026,"request_id":90,"step_name":"build_reward_plan","status":"pending","source_type":"battle"} 
[2026-09-12 20:28:01] testing.DEBUG: step.created {"character_id":2026,"request_id":90,"step_name":"skill_points","status":"pending","source_type":"battle"} 
[2026-09-12 20:28:01] testing.DEBUG: step.created {"character_id":2026,"request_id":90,"step_name":"faction_points","status":"pending","source_type":"battle"} 
[2026-09-12 20:28:01] testing.DEBUG: step.created {"character_id":2026,"request_id":90,"step_name":"faction_loyalty_bounty","status":"pending","source_type":"battle"} 
[2026-09-12 20:28:01] testing.DEBUG: step.created {"character_id":2026,"request_id":90,"step_name":"currency_rewards","status":"pending","source_type":"battle"} 
[2026-09-12 20:28:01] testing.DEBUG: step.created {"character_id":2026,"request_id":90,"step_name":"specific_location_rewards","status":"pending","source_type":"battle"} 
[2026-09-12 20:28:01] testing.DEBUG: step.created {"character_id":2026,"request_id":90,"step_name":"item_drops","status":"pending","source_type":"battle"} 
[2026-09-12 20:28:01] testing.DEBUG: step.created {"character_id":2026,"request_id":90,"step_name":"weekly_rewards","status":"pending","source_type":"battle"} 
[2026-09-12 20:28:01] testing.DEBUG: step.created {"character_id":2026,"request_id":90,"step_name":"secondary_rewards","status":"pending","source_type":"battle"} 
[2026-09-12 20:28:01] testing.DEBUG: step.created {"character_id":2026,"request_id":90,"step_name":"global_event_participation","status":"pending","source_type":"battle"} 
[2026-09-12 20:28:01] testing.DEBUG: step.created {"character_id":2026,"request_id":90,"step_name":"xp","status":"pending","source_type":"battle"} 
[2026-09-12 20:28:01] testing.DEBUG: step.created {"character_id":2026,"request_id":90,"step_name":"gem_world_rewards","status":"pending","source_type":"battle"} 
[2026-09-12 20:28:01] testing.DEBUG: step.created {"character_id":2026,"request_id":90,"step_name":"exploration_context","status":"pending","source_type":"battle"} 
[2026-09-12 20:28:01] testing.DEBUG: step.created {"character_id":2026,"request_id":90,"step_name":"winter_event","status":"pending","source_type":"battle"} 
[2026-09-12 20:28:01] testing.DEBUG: step.created {"character_id":2026,"request_id":90,"step_name":"final_player_updates","status":"pending","source_type":"battle"} 
[2026-09-12 20:28:01] testing.DEBUG: step.created {"character_id":2026,"request_id":90,"step_name":"message_outbox","status":"pending","source_type":"battle"} 
[2026-09-12 20:28:01] testing.DEBUG: ledger.created {"character_id":2026,"request_id":90,"status":"created","source_type":"battle"} 
[2026-09-12 20:28:01] testing.DEBUG: step.skipped_completed {"character_id":2026,"request_id":90,"step_name":"build_reward_plan","status":"completed","source_type":"battle","attempts":0} 
[2026-09-12 20:28:01] testing.DEBUG: step.skipped_completed {"character_id":2026,"request_id":90,"step_name":"skill_points","status":"completed","source_type":"battle","attempts":0} 
[2026-09-12 20:28:01] testing.DEBUG: step.skipped_completed {"character_id":2026,"request_id":90,"step_name":"faction_points","status":"completed","source_type":"battle","attempts":0} 
[2026-09-12 20:28:01] testing.DEBUG: step.skipped_completed {"character_id":2026,"request_id":90,"step_name":"faction_loyalty_bounty","status":"completed","source_type":"battle","attempts":0} 
[2026-09-12 20:28:01] testing.DEBUG: step.skipped_completed {"character_id":2026,"request_id":90,"step_name":"currency_rewards","status":"completed","source_type":"battle","attempts":0} 
[2026-09-12 20:28:01] testing.DEBUG: step.skipped_completed {"character_id":2026,"request_id":90,"step_name":"specific_location_rewards","status":"completed","source_type":"battle","attempts":0} 
[2026-09-12 20:28:01] testing.DEBUG: step.skipped_completed {"character_id":2026,"request_id":90,"step_name":"item_drops","status":"completed","source_type":"battle","attempts":0} 
[2026-09-12 20:28:01] testing.DEBUG: step.skipped_completed {"character_id":2026,"request_id":90,"step_name":"weekly_rewards","status":"completed","source_type":"battle","attempts":0} 
[2026-09-12 20:28:01] testing.DEBUG: step.skipped_completed {"character_id":2026,"request_id":90,"step_name":"secondary_rewards","status":"completed","source_type":"battle","attempts":0} 
[2026-09-12 20:28:01] testing.DEBUG: step.skipped_completed {"character_id":2026,"request_id":90,"step_name":"global_event_participation","status":"completed","source_type":"battle","attempts":0} 
[2026-09-12 20:28:01] testing.DEBUG: step.started {"character_id":2026,"request_id":90,"step_name":"xp","status":"running","source_type":"battle","attempts":1} 
[2026-09-12 20:28:01] testing.DEBUG: step.checkpointed {"character_id":2026,"request_id":90,"step_name":"xp","status":"checkpointed","source_type":"battle","attempts":1,"checkpoint_summary":"applied_xp,levels_awarded,current_level,current_xp,remaining_xp,last_checkpoint_at"} 
[2026-09-12 20:28:01] testing.DEBUG: step.checkpointed {"character_id":2026,"request_id":90,"step_name":"xp","status":"checkpointed","source_type":"battle","attempts":1,"checkpoint_summary":"applied_xp,levels_awarded,current_level,current_xp,remaining_xp,last_checkpoint_at"} 
[2026-09-12 20:28:01] testing.DEBUG: step.completed {"character_id":2026,"request_id":90,"step_name":"xp","status":"completed","source_type":"battle","attempts":1} 
[2026-09-12 20:28:01] testing.DEBUG: step.skipped_completed {"character_id":2026,"request_id":90,"step_name":"gem_world_rewards","status":"completed","source_type":"battle","attempts":0} 
[2026-09-12 20:28:01] testing.DEBUG: step.skipped_completed {"character_id":2026,"request_id":90,"step_name":"exploration_context","status":"completed","source_type":"battle","attempts":0} 
[2026-09-12 20:28:01] testing.DEBUG: step.skipped_completed {"character_id":2026,"request_id":90,"step_name":"winter_event","status":"completed","source_type":"battle","attempts":0} 
[2026-09-12 20:28:01] testing.DEBUG: step.skipped_completed {"character_id":2026,"request_id":90,"step_name":"final_player_updates","status":"completed","source_type":"battle","attempts":0} 
[2026-09-12 20:28:01] testing.DEBUG: step.skipped_completed {"character_id":2026,"request_id":90,"step_name":"message_outbox","status":"completed","source_type":"battle","attempts":0} 
[2026-09-12 20:28:01] testing.DEBUG: message.emitted {"character_id":2027,"request_id":91,"step_name":"xp","status":"emitted"} 
[2026-09-12 20:28:01] testing.DEBUG: message.skipped_emitted {"character_id":2028,"request_id":92,"step_name":"xp","status":"emitted"} 
[2026-09-12 20:28:01] testing.DEBUG: step.created {"character_id":2029,"request_id":93,"step_name":"build_reward_plan","status":"pending","source_type":"battle"} 
[2026-09-12 20:28:01] testing.DEBUG: step.created {"character_id":2029,"request_id":93,"step_name":"skill_points","status":"pending","source_type":"battle"} 
[2026-09-12 20:28:01] testing.DEBUG: step.created {"character_id":2029,"request_id":93,"step_name":"faction_points","status":"pending","source_type":"battle"} 
[2026-09-12 20:28:01] testing.DEBUG: step.created {"character_id":2029,"request_id":93,"step_name":"faction_loyalty_bounty","status":"pending","source_type":"battle"} 
[2026-09-12 20:28:01] testing.DEBUG: step.created {"character_id":2029,"request_id":93,"step_name":"currency_rewards","status":"pending","source_type":"battle"} 
[2026-09-12 20:28:01] testing.DEBUG: step.created {"character_id":2029,"request_id":93,"step_name":"specific_location_rewards","status":"pending","source_type":"battle"} 
[2026-09-12 20:28:01] testing.DEBUG: step.created {"character_id":2029,"request_id":93,"step_name":"item_drops","status":"pending","source_type":"battle"} 
[2026-09-12 20:28:01] testing.DEBUG: step.created {"character_id":2029,"request_id":93,"step_name":"weekly_rewards","status":"pending","source_type":"battle"} 
[2026-09-12 20:28:01] testing.DEBUG: step.created {"character_id":2029,"request_id":93,"step_name":"secondary_rewards","status":"pending","source_type":"battle"} 
[2026-09-12 20:28:01] testing.DEBUG: step.created {"character_id":2029,"request_id":93,"step_name":"global_event_participation","status":"pending","source_type":"battle"} 
[2026-09-12 20:28:01] testing.DEBUG: step.created {"character_id":2029,"request_id":93,"step_name":"xp","status":"pending","source_type":"battle"} 
[2026-09-12 20:28:01] testing.DEBUG: step.created {"character_id":2029,"request_id":93,"step_name":"gem_world_rewards","status":"pending","source_type":"battle"} 
[2026-09-12 20:28:01] testing.DEBUG: step.created {"character_id":2029,"request_id":93,"step_name":"exploration_context","status":"pending","source_type":"battle"} 
[2026-09-12 20:28:01] testing.DEBUG: step.created {"character_id":2029,"request_id":93,"step_name":"winter_event","status":"pending","source_type":"battle"} 
[2026-09-12 20:28:01] testing.DEBUG: step.created {"character_id":2029,"request_id":93,"step_name":"final_player_updates","status":"pending","source_type":"battle"} 
[2026-09-12 20:28:01] testing.DEBUG: step.created {"character_id":2029,"request_id":93,"step_name":"message_outbox","status":"pending","source_type":"battle"} 
[2026-09-12 20:28:01] testing.DEBUG: ledger.created {"character_id":2029,"request_id":93,"status":"created","source_type":"battle"} 
[2026-09-12 20:28:01] testing.DEBUG: step.skipped_completed {"character_id":2029,"request_id":93,"step_name":"build_reward_plan","status":"completed","source_type":"battle","attempts":0} 
[2026-09-12 20:28:01] testing.DEBUG: step.skipped_completed {"character_id":2029,"request_id":93,"step_name":"skill_points","status":"completed","source_type":"battle","attempts":0} 
[2026-09-12 20:28:01] testing.DEBUG: step.skipped_completed {"character_id":2029,"request_id":93,"step_name":"faction_points","status":"completed","source_type":"battle","attempts":0} 
[2026-09-12 20:28:01] testing.DEBUG: step.skipped_completed {"character_id":2029,"request_id":93,"step_name":"faction_loyalty_bounty","status":"completed","source_type":"battle","attempts":0} 
[2026-09-12 20:28:01] testing.DEBUG: step.skipped_completed {"character_id":2029,"request_id":93,"step_name":"currency_rewards","status":"completed","source_type":"battle","attempts":0} 
[2026-09-12 20:28:01] testing.DEBUG: step.skipped_completed {"character_id":2029,"request_id":93,"step_name":"specific_location_rewards","status":"completed","source_type":"battle","attempts":0} 
[2026-09-12 20:28:01] testing.DEBUG: step.skipped_completed {"character_id":2029,"request_id":93,"step_name":"item_drops","status":"completed","source_type":"battle","attempts":0} 
[2026-09-12 20:28:01] testing.DEBUG: step.skipped_completed {"character_id":2029,"request_id":93,"step_name":"weekly_rewards","status":"completed","source_type":"battle","attempts":0} 
[2026-09-12 20:28:01] testing.DEBUG: step.skipped_completed {"character_id":2029,"request_id":93,"step_name":"secondary_rewards","status":"completed","source_type":"battle","attempts":0} 
[2026-09-12 20:28:01] testing.DEBUG: step.skipped_completed {"character_id":2029,"request_id":93,"step_name":"global_event_participation","status":"completed","source_type":"battle","attempts":0} 
[2026-09-12 20:28:01] testing.DEBUG: step.started {"character_id":2029,"request_id":93,"step_name":"xp","status":"running","source_type":"battle","attempts":1} 
[2026-09-12 20:28:01] testing.DEBUG: step.checkpointed {"character_id":2029,"request_id":93,"step_name":"xp","status":"checkpointed","source_type":"battle","attempts":1,"checkpoint_summary":"applied_xp,levels_awarded,current_level,current_xp,remaining_xp,last_checkpoint_at"} 
[2026-09-12 20:28:02] testing.DEBUG: message.stored {"character_id":2029,"request_id":93,"step_name":"xp","status":"pending"} 
[2026-09-12 20:28:02] testing.DEBUG: message.emitted {"character_id":2029,"request_id":93,"step_name":"xp","status":"emitted"} 
[2026-09-12 20:28:02] testing.DEBUG: step.checkpointed {"character_id":2029,"request_id":93,"step_name":"xp","status":"checkpointed","source_type":"battle","attempts":1,"checkpoint_summary":"applied_xp,levels_awarded,current_level,current_xp,remaining_xp,last_checkpoint_at"} 
[2026-09-12 20:28:02] testing.DEBUG: message.stored {"character_id":2029,"request_id":93,"step_name":"xp","status":"pending"} 
[2026-09-12 20:28:02] testing.DEBUG: message.emitted {"character_id":2029,"request_id":93,"step_name":"xp","status":"emitted"} 
[2026-09-12 20:28:02] testing.DEBUG: step.checkpointed {"character_id":2029,"request_id":93,"step_name":"xp","status":"checkpointed","source_type":"battle","attempts":1,"checkpoint_summary":"applied_xp,levels_awarded,current_level,current_xp,remaining_xp,last_checkpoint_at"} 
[2026-09-12 20:28:02] testing.DEBUG: step.completed {"character_id":2029,"request_id":93,"step_name":"xp","status":"completed","source_type":"battle","attempts":1} 
[2026-09-12 20:28:02] testing.DEBUG: step.skipped_completed {"character_id":2029,"request_id":93,"step_name":"gem_world_rewards","status":"completed","source_type":"battle","attempts":0} 
[2026-09-12 20:28:02] testing.DEBUG: step.skipped_completed {"character_id":2029,"request_id":93,"step_name":"exploration_context","status":"completed","source_type":"battle","attempts":0} 
[2026-09-12 20:28:02] testing.DEBUG: step.skipped_completed {"character_id":2029,"request_id":93,"step_name":"winter_event","status":"completed","source_type":"battle","attempts":0} 
[2026-09-12 20:28:02] testing.DEBUG: step.skipped_completed {"character_id":2029,"request_id":93,"step_name":"final_player_updates","status":"completed","source_type":"battle","attempts":0} 
[2026-09-12 20:28:02] testing.DEBUG: step.skipped_completed {"character_id":2029,"request_id":93,"step_name":"message_outbox","status":"completed","source_type":"battle","attempts":0} 
[2026-09-12 20:28:02] testing.DEBUG: step.created {"character_id":2030,"request_id":94,"step_name":"build_reward_plan","status":"pending","source_type":"battle"} 
[2026-09-12 20:28:02] testing.DEBUG: step.created {"character_id":2030,"request_id":94,"step_name":"skill_points","status":"pending","source_type":"battle"} 
[2026-09-12 20:28:02] testing.DEBUG: step.created {"character_id":2030,"request_id":94,"step_name":"faction_points","status":"pending","source_type":"battle"} 
[2026-09-12 20:28:02] testing.DEBUG: step.created {"character_id":2030,"request_id":94,"step_name":"faction_loyalty_bounty","status":"pending","source_type":"battle"} 
[2026-09-12 20:28:02] testing.DEBUG: step.created {"character_id":2030,"request_id":94,"step_name":"currency_rewards","status":"pending","source_type":"battle"} 
[2026-09-12 20:28:02] testing.DEBUG: step.created {"character_id":2030,"request_id":94,"step_name":"specific_location_rewards","status":"pending","source_type":"battle"} 
[2026-09-12 20:28:02] testing.DEBUG: step.created {"character_id":2030,"request_id":94,"step_name":"item_drops","status":"pending","source_type":"battle"} 
[2026-09-12 20:28:02] testing.DEBUG: step.created {"character_id":2030,"request_id":94,"step_name":"weekly_rewards","status":"pending","source_type":"battle"} 
[2026-09-12 20:28:02] testing.DEBUG: step.created {"character_id":2030,"request_id":94,"step_name":"secondary_rewards","status":"pending","source_type":"battle"} 
[2026-09-12 20:28:02] testing.DEBUG: step.created {"character_id":2030,"request_id":94,"step_name":"global_event_participation","status":"pending","source_type":"battle"} 
[2026-09-12 20:28:02] testing.DEBUG: step.created {"character_id":2030,"request_id":94,"step_name":"xp","status":"pending","source_type":"battle"} 
[2026-09-12 20:28:02] testing.DEBUG: step.created {"character_id":2030,"request_id":94,"step_name":"gem_world_rewards","status":"pending","source_type":"battle"} 
[2026-09-12 20:28:02] testing.DEBUG: step.created {"character_id":2030,"request_id":94,"step_name":"exploration_context","status":"pending","source_type":"battle"} 
[2026-09-12 20:28:02] testing.DEBUG: step.created {"character_id":2030,"request_id":94,"step_name":"winter_event","status":"pending","source_type":"battle"} 
[2026-09-12 20:28:02] testing.DEBUG: step.created {"character_id":2030,"request_id":94,"step_name":"final_player_updates","status":"pending","source_type":"battle"} 
[2026-09-12 20:28:02] testing.DEBUG: step.created {"character_id":2030,"request_id":94,"step_name":"message_outbox","status":"pending","source_type":"battle"} 
[2026-09-12 20:28:02] testing.DEBUG: ledger.created {"character_id":2030,"request_id":94,"status":"created","source_type":"battle"} 
[2026-09-12 20:28:02] testing.DEBUG: step.skipped_completed {"character_id":2030,"request_id":94,"step_name":"build_reward_plan","status":"completed","source_type":"battle","attempts":0} 
[2026-09-12 20:28:02] testing.DEBUG: step.skipped_completed {"character_id":2030,"request_id":94,"step_name":"skill_points","status":"completed","source_type":"battle","attempts":0} 
[2026-09-12 20:28:02] testing.DEBUG: step.skipped_completed {"character_id":2030,"request_id":94,"step_name":"faction_points","status":"completed","source_type":"battle","attempts":0} 
[2026-09-12 20:28:02] testing.DEBUG: step.skipped_completed {"character_id":2030,"request_id":94,"step_name":"faction_loyalty_bounty","status":"completed","source_type":"battle","attempts":0} 
[2026-09-12 20:28:02] testing.DEBUG: step.skipped_completed {"character_id":2030,"request_id":94,"step_name":"currency_rewards","status":"completed","source_type":"battle","attempts":0} 
[2026-09-12 20:28:02] testing.DEBUG: step.skipped_completed {"character_id":2030,"request_id":94,"step_name":"specific_location_rewards","status":"completed","source_type":"battle","attempts":0} 
[2026-09-12 20:28:02] testing.DEBUG: step.skipped_completed {"character_id":2030,"request_id":94,"step_name":"item_drops","status":"completed","source_type":"battle","attempts":0} 
[2026-09-12 20:28:02] testing.DEBUG: step.skipped_completed {"character_id":2030,"request_id":94,"step_name":"weekly_rewards","status":"completed","source_type":"battle","attempts":0} 
[2026-09-12 20:28:02] testing.DEBUG: step.skipped_completed {"character_id":2030,"request_id":94,"step_name":"secondary_rewards","status":"completed","source_type":"battle","attempts":0} 
[2026-09-12 20:28:02] testing.DEBUG: step.skipped_completed {"character_id":2030,"request_id":94,"step_name":"global_event_participation","status":"completed","source_type":"battle","attempts":0} 
[2026-09-12 20:28:02] testing.DEBUG: step.started {"character_id":2030,"request_id":94,"step_name":"xp","status":"running","source_type":"battle","attempts":1} 
[2026-09-12 20:28:02] testing.DEBUG: step.checkpointed {"character_id":2030,"request_id":94,"step_name":"xp","status":"checkpointed","source_type":"battle","attempts":1,"checkpoint_summary":"applied_xp,levels_awarded,current_level,current_xp,remaining_xp,last_checkpoint_at"} 
[2026-09-12 20:28:02] testing.DEBUG: message.stored {"character_id":2030,"request_id":94,"step_name":"xp","status":"pending"} 
[2026-09-12 20:28:02] testing.DEBUG: message.emitted {"character_id":2030,"request_id":94,"step_name":"xp","status":"emitted"} 
[2026-09-12 20:28:02] testing.DEBUG: step.checkpointed {"character_id":2030,"request_id":94,"step_name":"xp","status":"checkpointed","source_type":"battle","attempts":1,"checkpoint_summary":"applied_xp,levels_awarded,current_level,current_xp,remaining_xp,last_checkpoint_at"} 
[2026-09-12 20:28:02] testing.DEBUG: step.checkpointed {"character_id":2030,"request_id":94,"step_name":"xp","status":"checkpointed","source_type":"battle","attempts":1,"checkpoint_summary":"applied_xp,levels_awarded,current_level,current_xp,remaining_xp,last_checkpoint_at"} 
[2026-09-12 20:28:02] testing.DEBUG: step.completed {"character_id":2030,"request_id":94,"step_name":"xp","status":"completed","source_type":"battle","attempts":1} 
[2026-09-12 20:28:02] testing.DEBUG: step.skipped_completed {"character_id":2030,"request_id":94,"step_name":"gem_world_rewards","status":"completed","source_type":"battle","attempts":0} 
[2026-09-12 20:28:02] testing.DEBUG: step.skipped_completed {"character_id":2030,"request_id":94,"step_name":"exploration_context","status":"completed","source_type":"battle","attempts":0} 
[2026-09-12 20:28:02] testing.DEBUG: step.skipped_completed {"character_id":2030,"request_id":94,"step_name":"winter_event","status":"completed","source_type":"battle","attempts":0} 
[2026-09-12 20:28:02] testing.DEBUG: step.skipped_completed {"character_id":2030,"request_id":94,"step_name":"final_player_updates","status":"completed","source_type":"battle","attempts":0} 
[2026-09-12 20:28:02] testing.DEBUG: step.skipped_completed {"character_id":2030,"request_id":94,"step_name":"message_outbox","status":"completed","source_type":"battle","attempts":0} 
[2026-09-12 20:28:02] testing.DEBUG: step.created {"character_id":2031,"request_id":95,"step_name":"build_reward_plan","status":"pending","source_type":"battle"} 
[2026-09-12 20:28:02] testing.DEBUG: step.created {"character_id":2031,"request_id":95,"step_name":"skill_points","status":"pending","source_type":"battle"} 
[2026-09-12 20:28:02] testing.DEBUG: step.created {"character_id":2031,"request_id":95,"step_name":"faction_points","status":"pending","source_type":"battle"} 
[2026-09-12 20:28:02] testing.DEBUG: step.created {"character_id":2031,"request_id":95,"step_name":"faction_loyalty_bounty","status":"pending","source_type":"battle"} 
[2026-09-12 20:28:02] testing.DEBUG: step.created {"character_id":2031,"request_id":95,"step_name":"currency_rewards","status":"pending","source_type":"battle"} 
[2026-09-12 20:28:02] testing.DEBUG: step.created {"character_id":2031,"request_id":95,"step_name":"specific_location_rewards","status":"pending","source_type":"battle"} 
[2026-09-12 20:28:02] testing.DEBUG: step.created {"character_id":2031,"request_id":95,"step_name":"item_drops","status":"pending","source_type":"battle"} 
[2026-09-12 20:28:02] testing.DEBUG: step.created {"character_id":2031,"request_id":95,"step_name":"weekly_rewards","status":"pending","source_type":"battle"} 
[2026-09-12 20:28:02] testing.DEBUG: step.created {"character_id":2031,"request_id":95,"step_name":"secondary_rewards","status":"pending","source_type":"battle"} 
[2026-09-12 20:28:02] testing.DEBUG: step.created {"character_id":2031,"request_id":95,"step_name":"global_event_participation","status":"pending","source_type":"battle"} 
[2026-09-12 20:28:02] testing.DEBUG: step.created {"character_id":2031,"request_id":95,"step_name":"xp","status":"pending","source_type":"battle"} 
[2026-09-12 20:28:02] testing.DEBUG: step.created {"character_id":2031,"request_id":95,"step_name":"gem_world_rewards","status":"pending","source_type":"battle"} 
[2026-09-12 20:28:02] testing.DEBUG: step.created {"character_id":2031,"request_id":95,"step_name":"exploration_context","status":"pending","source_type":"battle"} 
[2026-09-12 20:28:02] testing.DEBUG: step.created {"character_id":2031,"request_id":95,"step_name":"winter_event","status":"pending","source_type":"battle"} 
[2026-09-12 20:28:02] testing.DEBUG: step.created {"character_id":2031,"request_id":95,"step_name":"final_player_updates","status":"pending","source_type":"battle"} 
[2026-09-12 20:28:02] testing.DEBUG: step.created {"character_id":2031,"request_id":95,"step_name":"message_outbox","status":"pending","source_type":"battle"} 
[2026-09-12 20:28:02] testing.DEBUG: ledger.created {"character_id":2031,"request_id":95,"status":"created","source_type":"battle"} 
[2026-09-12 20:28:02] testing.DEBUG: step.skipped_completed {"character_id":2031,"request_id":95,"step_name":"build_reward_plan","status":"completed","source_type":"battle","attempts":0} 
[2026-09-12 20:28:02] testing.DEBUG: step.skipped_completed {"character_id":2031,"request_id":95,"step_name":"skill_points","status":"completed","source_type":"battle","attempts":0} 
[2026-09-12 20:28:02] testing.DEBUG: step.skipped_completed {"character_id":2031,"request_id":95,"step_name":"faction_points","status":"completed","source_type":"battle","attempts":0} 
[2026-09-12 20:28:02] testing.DEBUG: step.skipped_completed {"character_id":2031,"request_id":95,"step_name":"faction_loyalty_bounty","status":"completed","source_type":"battle","attempts":0} 
[2026-09-12 20:28:02] testing.DEBUG: step.skipped_completed {"character_id":2031,"request_id":95,"step_name":"currency_rewards","status":"completed","source_type":"battle","attempts":0} 
[2026-09-12 20:28:02] testing.DEBUG: step.skipped_completed {"character_id":2031,"request_id":95,"step_name":"specific_location_rewards","status":"completed","source_type":"battle","attempts":0} 
[2026-09-12 20:28:02] testing.DEBUG: step.skipped_completed {"character_id":2031,"request_id":95,"step_name":"item_drops","status":"completed","source_type":"battle","attempts":0} 
[2026-09-12 20:28:02] testing.DEBUG: step.skipped_completed {"character_id":2031,"request_id":95,"step_name":"weekly_rewards","status":"completed","source_type":"battle","attempts":0} 
[2026-09-12 20:28:02] testing.DEBUG: step.skipped_completed {"character_id":2031,"request_id":95,"step_name":"secondary_rewards","status":"completed","source_type":"battle","attempts":0} 
[2026-09-12 20:28:02] testing.DEBUG: step.skipped_completed {"character_id":2031,"request_id":95,"step_name":"global_event_participation","status":"completed","source_type":"battle","attempts":0} 
[2026-09-12 20:28:02] testing.DEBUG: step.started {"character_id":2031,"request_id":95,"step_name":"xp","status":"running","source_type":"battle","attempts":1} 
[2026-09-12 20:28:02] testing.DEBUG: step.checkpointed {"character_id":2031,"request_id":95,"step_name":"xp","status":"checkpointed","source_type":"battle","attempts":1,"checkpoint_summary":"applied_xp,levels_awarded,current_level,current_xp,remaining_xp,last_checkpoint_at"} 
[2026-09-12 20:28:03] testing.DEBUG: message.stored {"character_id":2031,"request_id":95,"step_name":"xp","status":"pending"} 
[2026-09-12 20:28:03] testing.DEBUG: message.emitted {"character_id":2031,"request_id":95,"step_name":"xp","status":"emitted"} 
[2026-09-12 20:28:03] testing.DEBUG: step.checkpointed {"character_id":2031,"request_id":95,"step_name":"xp","status":"checkpointed","source_type":"battle","attempts":1,"checkpoint_summary":"applied_xp,levels_awarded,current_level,current_xp,remaining_xp,last_checkpoint_at"} 
[2026-09-12 20:28:03] testing.DEBUG: message.stored {"character_id":2031,"request_id":95,"step_name":"xp","status":"pending"} 
[2026-09-12 20:28:03] testing.DEBUG: message.emitted {"character_id":2031,"request_id":95,"step_name":"xp","status":"emitted"} 
[2026-09-12 20:28:03] testing.DEBUG: step.checkpointed {"character_id":2031,"request_id":95,"step_name":"xp","status":"checkpointed","source_type":"battle","attempts":1,"checkpoint_summary":"applied_xp,levels_awarded,current_level,current_xp,remaining_xp,last_checkpoint_at"} 
[2026-09-12 20:28:03] testing.DEBUG: step.completed {"character_id":2031,"request_id":95,"step_name":"xp","status":"completed","source_type":"battle","attempts":1} 
[2026-09-12 20:28:03] testing.DEBUG: step.skipped_completed {"character_id":2031,"request_id":95,"step_name":"gem_world_rewards","status":"completed","source_type":"battle","attempts":0} 
[2026-09-12 20:28:03] testing.DEBUG: step.skipped_completed {"character_id":2031,"request_id":95,"step_name":"exploration_context","status":"completed","source_type":"battle","attempts":0} 
[2026-09-12 20:28:03] testing.DEBUG: step.skipped_completed {"character_id":2031,"request_id":95,"step_name":"winter_event","status":"completed","source_type":"battle","attempts":0} 
[2026-09-12 20:28:03] testing.DEBUG: step.skipped_completed {"character_id":2031,"request_id":95,"step_name":"final_player_updates","status":"completed","source_type":"battle","attempts":0} 
[2026-09-12 20:28:03] testing.DEBUG: step.skipped_completed {"character_id":2031,"request_id":95,"step_name":"message_outbox","status":"completed","source_type":"battle","attempts":0} 
[2026-09-12 20:28:03] testing.DEBUG: step.skipped_completed {"character_id":2031,"request_id":95,"step_name":"build_reward_plan","status":"completed","source_type":"battle","attempts":0} 
[2026-09-12 20:28:03] testing.DEBUG: step.skipped_completed {"character_id":2031,"request_id":95,"step_name":"skill_points","status":"completed","source_type":"battle","attempts":0} 
[2026-09-12 20:28:03] testing.DEBUG: step.skipped_completed {"character_id":2031,"request_id":95,"step_name":"faction_points","status":"completed","source_type":"battle","attempts":0} 
[2026-09-12 20:28:03] testing.DEBUG: step.skipped_completed {"character_id":2031,"request_id":95,"step_name":"faction_loyalty_bounty","status":"completed","source_type":"battle","attempts":0} 
[2026-09-12 20:28:03] testing.DEBUG: step.skipped_completed {"character_id":2031,"request_id":95,"step_name":"currency_rewards","status":"completed","source_type":"battle","attempts":0} 
[2026-09-12 20:28:03] testing.DEBUG: step.skipped_completed {"character_id":2031,"request_id":95,"step_name":"specific_location_rewards","status":"completed","source_type":"battle","attempts":0} 
[2026-09-12 20:28:03] testing.DEBUG: step.skipped_completed {"character_id":2031,"request_id":95,"step_name":"item_drops","status":"completed","source_type":"battle","attempts":0} 
[2026-09-12 20:28:03] testing.DEBUG: step.skipped_completed {"character_id":2031,"request_id":95,"step_name":"weekly_rewards","status":"completed","source_type":"battle","attempts":0} 
[2026-09-12 20:28:03] testing.DEBUG: step.skipped_completed {"character_id":2031,"request_id":95,"step_name":"secondary_rewards","status":"completed","source_type":"battle","attempts":0} 
[2026-09-12 20:28:03] testing.DEBUG: step.skipped_completed {"character_id":2031,"request_id":95,"step_name":"global_event_participation","status":"completed","source_type":"battle","attempts":0} 
[2026-09-12 20:28:03] testing.DEBUG: step.started {"character_id":2031,"request_id":95,"step_name":"xp","status":"running","source_type":"battle","attempts":2} 
[2026-09-12 20:28:03] testing.DEBUG: step.checkpointed {"character_id":2031,"request_id":95,"step_name":"xp","status":"checkpointed","source_type":"battle","attempts":2,"checkpoint_summary":"applied_xp,levels_awarded,current_level,current_xp,remaining_xp,last_checkpoint_at"} 
[2026-09-12 20:28:03] testing.DEBUG: step.checkpointed {"character_id":2031,"request_id":95,"step_name":"xp","status":"checkpointed","source_type":"battle","attempts":2,"checkpoint_summary":"applied_xp,levels_awarded,current_level,current_xp,remaining_xp,last_checkpoint_at"} 
[2026-09-12 20:28:03] testing.DEBUG: step.checkpointed {"character_id":2031,"request_id":95,"step_name":"xp","status":"checkpointed","source_type":"battle","attempts":2,"checkpoint_summary":"applied_xp,levels_awarded,current_level,current_xp,remaining_xp,last_checkpoint_at"} 
[2026-09-12 20:28:03] testing.DEBUG: step.completed {"character_id":2031,"request_id":95,"step_name":"xp","status":"completed","source_type":"battle","attempts":2} 
[2026-09-12 20:28:03] testing.DEBUG: step.skipped_completed {"character_id":2031,"request_id":95,"step_name":"gem_world_rewards","status":"completed","source_type":"battle","attempts":0} 
[2026-09-12 20:28:03] testing.DEBUG: step.skipped_completed {"character_id":2031,"request_id":95,"step_name":"exploration_context","status":"completed","source_type":"battle","attempts":0} 
[2026-09-12 20:28:03] testing.DEBUG: step.skipped_completed {"character_id":2031,"request_id":95,"step_name":"winter_event","status":"completed","source_type":"battle","attempts":0} 
[2026-09-12 20:28:03] testing.DEBUG: step.skipped_completed {"character_id":2031,"request_id":95,"step_name":"final_player_updates","status":"completed","source_type":"battle","attempts":0} 
[2026-09-12 20:28:03] testing.DEBUG: step.skipped_completed {"character_id":2031,"request_id":95,"step_name":"message_outbox","status":"completed","source_type":"battle","attempts":0} 
[2026-09-12 20:28:03] testing.DEBUG: step.created {"character_id":2032,"request_id":96,"step_name":"build_reward_plan","status":"pending","source_type":"exploration"} 
[2026-09-12 20:28:03] testing.DEBUG: step.created {"character_id":2032,"request_id":96,"step_name":"skill_points","status":"pending","source_type":"exploration"} 
[2026-09-12 20:28:03] testing.DEBUG: step.created {"character_id":2032,"request_id":96,"step_name":"faction_points","status":"pending","source_type":"exploration"} 
[2026-09-12 20:28:03] testing.DEBUG: step.created {"character_id":2032,"request_id":96,"step_name":"faction_loyalty_bounty","status":"pending","source_type":"exploration"} 
[2026-09-12 20:28:03] testing.DEBUG: step.created {"character_id":2032,"request_id":96,"step_name":"currency_rewards","status":"pending","source_type":"exploration"} 
[2026-09-12 20:28:03] testing.DEBUG: step.created {"character_id":2032,"request_id":96,"step_name":"specific_location_rewards","status":"pending","source_type":"exploration"} 
[2026-09-12 20:28:03] testing.DEBUG: step.created {"character_id":2032,"request_id":96,"step_name":"item_drops","status":"pending","source_type":"exploration"} 
[2026-09-12 20:28:03] testing.DEBUG: step.created {"character_id":2032,"request_id":96,"step_name":"weekly_rewards","status":"pending","source_type":"exploration"} 
[2026-09-12 20:28:03] testing.DEBUG: step.created {"character_id":2032,"request_id":96,"step_name":"secondary_rewards","status":"pending","source_type":"exploration"} 
[2026-09-12 20:28:03] testing.DEBUG: step.created {"character_id":2032,"request_id":96,"step_name":"global_event_participation","status":"pending","source_type":"exploration"} 
[2026-09-12 20:28:03] testing.DEBUG: step.created {"character_id":2032,"request_id":96,"step_name":"xp","status":"pending","source_type":"exploration"} 
[2026-09-12 20:28:03] testing.DEBUG: step.created {"character_id":2032,"request_id":96,"step_name":"gem_world_rewards","status":"pending","source_type":"exploration"} 
[2026-09-12 20:28:03] testing.DEBUG: step.created {"character_id":2032,"request_id":96,"step_name":"exploration_context","status":"pending","source_type":"exploration"} 
[2026-09-12 20:28:03] testing.DEBUG: step.created {"character_id":2032,"request_id":96,"step_name":"winter_event","status":"pending","source_type":"exploration"} 
[2026-09-12 20:28:03] testing.DEBUG: step.created {"character_id":2032,"request_id":96,"step_name":"final_player_updates","status":"pending","source_type":"exploration"} 
[2026-09-12 20:28:03] testing.DEBUG: step.created {"character_id":2032,"request_id":96,"step_name":"message_outbox","status":"pending","source_type":"exploration"} 
[2026-09-12 20:28:03] testing.DEBUG: ledger.created {"character_id":2032,"request_id":96,"status":"created","source_type":"exploration"} 
[2026-09-12 20:28:03] testing.DEBUG: step.skipped_completed {"character_id":2032,"request_id":96,"step_name":"build_reward_plan","status":"completed","source_type":"exploration","attempts":0} 
[2026-09-12 20:28:03] testing.DEBUG: step.skipped_completed {"character_id":2032,"request_id":96,"step_name":"skill_points","status":"completed","source_type":"exploration","attempts":0} 
[2026-09-12 20:28:03] testing.DEBUG: step.skipped_completed {"character_id":2032,"request_id":96,"step_name":"faction_points","status":"completed","source_type":"exploration","attempts":0} 
[2026-09-12 20:28:03] testing.DEBUG: step.skipped_completed {"character_id":2032,"request_id":96,"step_name":"faction_loyalty_bounty","status":"completed","source_type":"exploration","attempts":0} 
[2026-09-12 20:28:03] testing.DEBUG: step.skipped_completed {"character_id":2032,"request_id":96,"step_name":"currency_rewards","status":"completed","source_type":"exploration","attempts":0} 
[2026-09-12 20:28:03] testing.DEBUG: step.skipped_completed {"character_id":2032,"request_id":96,"step_name":"specific_location_rewards","status":"completed","source_type":"exploration","attempts":0} 
[2026-09-12 20:28:03] testing.DEBUG: step.skipped_completed {"character_id":2032,"request_id":96,"step_name":"item_drops","status":"completed","source_type":"exploration","attempts":0} 
[2026-09-12 20:28:03] testing.DEBUG: step.skipped_completed {"character_id":2032,"request_id":96,"step_name":"weekly_rewards","status":"completed","source_type":"exploration","attempts":0} 
[2026-09-12 20:28:03] testing.DEBUG: step.skipped_completed {"character_id":2032,"request_id":96,"step_name":"secondary_rewards","status":"completed","source_type":"exploration","attempts":0} 
[2026-09-12 20:28:03] testing.DEBUG: step.skipped_completed {"character_id":2032,"request_id":96,"step_name":"global_event_participation","status":"completed","source_type":"exploration","attempts":0} 
[2026-09-12 20:28:03] testing.DEBUG: step.started {"character_id":2032,"request_id":96,"step_name":"xp","status":"running","source_type":"exploration","attempts":1} 
[2026-09-12 20:28:03] testing.DEBUG: message.stored {"character_id":2032,"request_id":96,"step_name":"xp","status":"pending"} 
[2026-09-12 20:28:03] testing.DEBUG: message.emitted {"character_id":2032,"request_id":96,"step_name":"xp","status":"emitted"} 
[2026-09-12 20:28:03] testing.DEBUG: step.checkpointed {"character_id":2032,"request_id":96,"step_name":"xp","status":"checkpointed","source_type":"exploration","attempts":1,"checkpoint_summary":"applied_xp,levels_awarded,current_level,current_xp,remaining_xp,last_checkpoint_at"} 
[2026-09-12 20:28:03] testing.DEBUG: message.stored {"character_id":2032,"request_id":96,"step_name":"xp","status":"pending"} 
[2026-09-12 20:28:03] testing.DEBUG: message.emitted {"character_id":2032,"request_id":96,"step_name":"xp","status":"emitted"} 
[2026-09-12 20:28:03] testing.DEBUG: message.stored {"character_id":2032,"request_id":96,"step_name":"xp","status":"pending"} 
[2026-09-12 20:28:03] testing.DEBUG: message.emitted {"character_id":2032,"request_id":96,"step_name":"xp","status":"emitted"} 
[2026-09-12 20:28:03] testing.DEBUG: message.stored {"character_id":2032,"request_id":96,"step_name":"xp","status":"pending"} 
[2026-09-12 20:28:03] testing.DEBUG: message.emitted {"character_id":2032,"request_id":96,"step_name":"xp","status":"emitted"} 
[2026-09-12 20:28:03] testing.DEBUG: message.stored {"character_id":2032,"request_id":96,"step_name":"xp","status":"pending"} 
[2026-09-12 20:28:03] testing.DEBUG: message.emitted {"character_id":2032,"request_id":96,"step_name":"xp","status":"emitted"} 
[2026-09-12 20:28:03] testing.DEBUG: step.checkpointed {"character_id":2032,"request_id":96,"step_name":"xp","status":"checkpointed","source_type":"exploration","attempts":1,"checkpoint_summary":"applied_xp,levels_awarded,current_level,current_xp,remaining_xp,last_checkpoint_at"} 
[2026-09-12 20:28:03] testing.DEBUG: step.checkpointed {"character_id":2032,"request_id":96,"step_name":"xp","status":"checkpointed","source_type":"exploration","attempts":1,"checkpoint_summary":"applied_xp,levels_awarded,current_level,current_xp,remaining_xp,last_checkpoint_at"} 
[2026-09-12 20:28:03] testing.DEBUG: step.completed {"character_id":2032,"request_id":96,"step_name":"xp","status":"completed","source_type":"exploration","attempts":1} 
[2026-09-12 20:28:03] testing.DEBUG: step.skipped_completed {"character_id":2032,"request_id":96,"step_name":"gem_world_rewards","status":"completed","source_type":"exploration","attempts":0} 
[2026-09-12 20:28:03] testing.DEBUG: step.skipped_completed {"character_id":2032,"request_id":96,"step_name":"exploration_context","status":"completed","source_type":"exploration","attempts":0} 
[2026-09-12 20:28:03] testing.DEBUG: step.skipped_completed {"character_id":2032,"request_id":96,"step_name":"winter_event","status":"completed","source_type":"exploration","attempts":0} 
[2026-09-12 20:28:03] testing.DEBUG: step.skipped_completed {"character_id":2032,"request_id":96,"step_name":"final_player_updates","status":"completed","source_type":"exploration","attempts":0} 
[2026-09-12 20:28:03] testing.DEBUG: step.skipped_completed {"character_id":2032,"request_id":96,"step_name":"message_outbox","status":"completed","source_type":"exploration","attempts":0} 
[2026-09-12 20:28:04] testing.DEBUG: step.created {"character_id":2033,"request_id":97,"step_name":"build_reward_plan","status":"pending","source_type":"battle"} 
[2026-09-12 20:28:04] testing.DEBUG: step.created {"character_id":2033,"request_id":97,"step_name":"skill_points","status":"pending","source_type":"battle"} 
[2026-09-12 20:28:04] testing.DEBUG: step.created {"character_id":2033,"request_id":97,"step_name":"faction_points","status":"pending","source_type":"battle"} 
[2026-09-12 20:28:04] testing.DEBUG: step.created {"character_id":2033,"request_id":97,"step_name":"faction_loyalty_bounty","status":"pending","source_type":"battle"} 
[2026-09-12 20:28:04] testing.DEBUG: step.created {"character_id":2033,"request_id":97,"step_name":"currency_rewards","status":"pending","source_type":"battle"} 
[2026-09-12 20:28:04] testing.DEBUG: step.created {"character_id":2033,"request_id":97,"step_name":"specific_location_rewards","status":"pending","source_type":"battle"} 
[2026-09-12 20:28:04] testing.DEBUG: step.created {"character_id":2033,"request_id":97,"step_name":"item_drops","status":"pending","source_type":"battle"} 
[2026-09-12 20:28:04] testing.DEBUG: step.created {"character_id":2033,"request_id":97,"step_name":"weekly_rewards","status":"pending","source_type":"battle"} 
[2026-09-12 20:28:04] testing.DEBUG: step.created {"character_id":2033,"request_id":97,"step_name":"secondary_rewards","status":"pending","source_type":"battle"} 
[2026-09-12 20:28:04] testing.DEBUG: step.created {"character_id":2033,"request_id":97,"step_name":"global_event_participation","status":"pending","source_type":"battle"} 
[2026-09-12 20:28:04] testing.DEBUG: step.created {"character_id":2033,"request_id":97,"step_name":"xp","status":"pending","source_type":"battle"} 
[2026-09-12 20:28:04] testing.DEBUG: step.created {"character_id":2033,"request_id":97,"step_name":"gem_world_rewards","status":"pending","source_type":"battle"} 
[2026-09-12 20:28:04] testing.DEBUG: step.created {"character_id":2033,"request_id":97,"step_name":"exploration_context","status":"pending","source_type":"battle"} 
[2026-09-12 20:28:04] testing.DEBUG: step.created {"character_id":2033,"request_id":97,"step_name":"winter_event","status":"pending","source_type":"battle"} 
[2026-09-12 20:28:04] testing.DEBUG: step.created {"character_id":2033,"request_id":97,"step_name":"final_player_updates","status":"pending","source_type":"battle"} 
[2026-09-12 20:28:04] testing.DEBUG: step.created {"character_id":2033,"request_id":97,"step_name":"message_outbox","status":"pending","source_type":"battle"} 
[2026-09-12 20:28:04] testing.DEBUG: ledger.created {"character_id":2033,"request_id":97,"status":"created","source_type":"battle"} 
[2026-09-12 20:28:04] testing.DEBUG: step.skipped_completed {"character_id":2033,"request_id":97,"step_name":"build_reward_plan","status":"completed","source_type":"battle","attempts":0} 
[2026-09-12 20:28:04] testing.DEBUG: step.skipped_completed {"character_id":2033,"request_id":97,"step_name":"skill_points","status":"completed","source_type":"battle","attempts":0} 
[2026-09-12 20:28:04] testing.DEBUG: step.skipped_completed {"character_id":2033,"request_id":97,"step_name":"faction_points","status":"completed","source_type":"battle","attempts":0} 
[2026-09-12 20:28:04] testing.DEBUG: step.skipped_completed {"character_id":2033,"request_id":97,"step_name":"faction_loyalty_bounty","status":"completed","source_type":"battle","attempts":0} 
[2026-09-12 20:28:04] testing.DEBUG: step.skipped_completed {"character_id":2033,"request_id":97,"step_name":"currency_rewards","status":"completed","source_type":"battle","attempts":0} 
[2026-09-12 20:28:04] testing.DEBUG: step.skipped_completed {"character_id":2033,"request_id":97,"step_name":"specific_location_rewards","status":"completed","source_type":"battle","attempts":0} 
[2026-09-12 20:28:04] testing.DEBUG: step.skipped_completed {"character_id":2033,"request_id":97,"step_name":"item_drops","status":"completed","source_type":"battle","attempts":0} 
[2026-09-12 20:28:04] testing.DEBUG: step.skipped_completed {"character_id":2033,"request_id":97,"step_name":"weekly_rewards","status":"completed","source_type":"battle","attempts":0} 
[2026-09-12 20:28:04] testing.DEBUG: step.skipped_completed {"character_id":2033,"request_id":97,"step_name":"secondary_rewards","status":"completed","source_type":"battle","attempts":0} 
[2026-09-12 20:28:04] testing.DEBUG: step.skipped_completed {"character_id":2033,"request_id":97,"step_name":"global_event_participation","status":"completed","source_type":"battle","attempts":0} 
[2026-09-12 20:28:04] testing.DEBUG: step.started {"character_id":2033,"request_id":97,"step_name":"xp","status":"running","source_type":"battle","attempts":1} 
[2026-09-12 20:28:04] testing.DEBUG: step.checkpointed {"character_id":2033,"request_id":97,"step_name":"xp","status":"checkpointed","source_type":"battle","attempts":1,"checkpoint_summary":"applied_xp,levels_awarded,current_level,current_xp,remaining_xp,last_checkpoint_at"} 
[2026-09-12 20:28:04] testing.DEBUG: message.stored {"character_id":2033,"request_id":97,"step_name":"xp","status":"pending"} 
[2026-09-12 20:28:04] testing.DEBUG: message.emitted {"character_id":2033,"request_id":97,"step_name":"xp","status":"emitted"} 
[2026-09-12 20:28:04] testing.DEBUG: step.checkpointed {"character_id":2033,"request_id":97,"step_name":"xp","status":"checkpointed","source_type":"battle","attempts":1,"checkpoint_summary":"applied_xp,levels_awarded,current_level,current_xp,remaining_xp,last_checkpoint_at"} 
[2026-09-12 20:28:04] testing.DEBUG: step.checkpointed {"character_id":2033,"request_id":97,"step_name":"xp","status":"checkpointed","source_type":"battle","attempts":1,"checkpoint_summary":"applied_xp,levels_awarded,current_level,current_xp,remaining_xp,last_checkpoint_at"} 
[2026-09-12 20:28:04] testing.DEBUG: step.completed {"character_id":2033,"request_id":97,"step_name":"xp","status":"completed","source_type":"battle","attempts":1} 
[2026-09-12 20:28:04] testing.DEBUG: step.skipped_completed {"character_id":2033,"request_id":97,"step_name":"gem_world_rewards","status":"completed","source_type":"battle","attempts":0} 
[2026-09-12 20:28:04] testing.DEBUG: step.skipped_completed {"character_id":2033,"request_id":97,"step_name":"exploration_context","status":"completed","source_type":"battle","attempts":0} 
[2026-09-12 20:28:04] testing.DEBUG: step.skipped_completed {"character_id":2033,"request_id":97,"step_name":"winter_event","status":"completed","source_type":"battle","attempts":0} 
[2026-09-12 20:28:04] testing.DEBUG: step.skipped_completed {"character_id":2033,"request_id":97,"step_name":"final_player_updates","status":"completed","source_type":"battle","attempts":0} 
[2026-09-12 20:28:04] testing.DEBUG: step.skipped_completed {"character_id":2033,"request_id":97,"step_name":"message_outbox","status":"completed","source_type":"battle","attempts":0} 
[2026-09-12 20:28:04] testing.DEBUG: step.skipped_completed {"character_id":2033,"request_id":97,"step_name":"build_reward_plan","status":"completed","source_type":"battle","attempts":0} 
[2026-09-12 20:28:04] testing.DEBUG: step.skipped_completed {"character_id":2033,"request_id":97,"step_name":"skill_points","status":"completed","source_type":"battle","attempts":0} 
[2026-09-12 20:28:04] testing.DEBUG: step.skipped_completed {"character_id":2033,"request_id":97,"step_name":"faction_points","status":"completed","source_type":"battle","attempts":0} 
[2026-09-12 20:28:04] testing.DEBUG: step.skipped_completed {"character_id":2033,"request_id":97,"step_name":"faction_loyalty_bounty","status":"completed","source_type":"battle","attempts":0} 
[2026-09-12 20:28:04] testing.DEBUG: step.skipped_completed {"character_id":2033,"request_id":97,"step_name":"currency_rewards","status":"completed","source_type":"battle","attempts":0} 
[2026-09-12 20:28:04] testing.DEBUG: step.skipped_completed {"character_id":2033,"request_id":97,"step_name":"specific_location_rewards","status":"completed","source_type":"battle","attempts":0} 
[2026-09-12 20:28:04] testing.DEBUG: step.skipped_completed {"character_id":2033,"request_id":97,"step_name":"item_drops","status":"completed","source_type":"battle","attempts":0} 
[2026-09-12 20:28:04] testing.DEBUG: step.skipped_completed {"character_id":2033,"request_id":97,"step_name":"weekly_rewards","status":"completed","source_type":"battle","attempts":0} 
[2026-09-12 20:28:04] testing.DEBUG: step.skipped_completed {"character_id":2033,"request_id":97,"step_name":"secondary_rewards","status":"completed","source_type":"battle","attempts":0} 
[2026-09-12 20:28:04] testing.DEBUG: step.skipped_completed {"character_id":2033,"request_id":97,"step_name":"global_event_participation","status":"completed","source_type":"battle","attempts":0} 
[2026-09-12 20:28:04] testing.DEBUG: step.started {"character_id":2033,"request_id":97,"step_name":"xp","status":"running","source_type":"battle","attempts":2} 
[2026-09-12 20:28:04] testing.DEBUG: step.checkpointed {"character_id":2033,"request_id":97,"step_name":"xp","status":"checkpointed","source_type":"battle","attempts":2,"checkpoint_summary":"applied_xp,levels_awarded,current_level,current_xp,remaining_xp,last_checkpoint_at"} 
[2026-09-12 20:28:04] testing.DEBUG: step.checkpointed {"character_id":2033,"request_id":97,"step_name":"xp","status":"checkpointed","source_type":"battle","attempts":2,"checkpoint_summary":"applied_xp,levels_awarded,current_level,current_xp,remaining_xp,last_checkpoint_at"} 
[2026-09-12 20:28:04] testing.DEBUG: step.checkpointed {"character_id":2033,"request_id":97,"step_name":"xp","status":"checkpointed","source_type":"battle","attempts":2,"checkpoint_summary":"applied_xp,levels_awarded,current_level,current_xp,remaining_xp,last_checkpoint_at"} 
[2026-09-12 20:28:04] testing.DEBUG: step.completed {"character_id":2033,"request_id":97,"step_name":"xp","status":"completed","source_type":"battle","attempts":2} 
[2026-09-12 20:28:04] testing.DEBUG: step.skipped_completed {"character_id":2033,"request_id":97,"step_name":"gem_world_rewards","status":"completed","source_type":"battle","attempts":0} 
[2026-09-12 20:28:04] testing.DEBUG: step.skipped_completed {"character_id":2033,"request_id":97,"step_name":"exploration_context","status":"completed","source_type":"battle","attempts":0} 
[2026-09-12 20:28:04] testing.DEBUG: step.skipped_completed {"character_id":2033,"request_id":97,"step_name":"winter_event","status":"completed","source_type":"battle","attempts":0} 
[2026-09-12 20:28:04] testing.DEBUG: step.skipped_completed {"character_id":2033,"request_id":97,"step_name":"final_player_updates","status":"completed","source_type":"battle","attempts":0} 
[2026-09-12 20:28:04] testing.DEBUG: step.skipped_completed {"character_id":2033,"request_id":97,"step_name":"message_outbox","status":"completed","source_type":"battle","attempts":0} 
[2026-09-12 20:28:04] testing.DEBUG: faction_loyalty.reward_request.created {"character_id":2036,"request_id":98,"source_id":"faction_loyalty:2036:99:1","faction_loyalty_npc_id":99,"reward_level":1} 
[2026-09-12 20:28:05] testing.DEBUG: faction_loyalty.reward_request.reused {"character_id":2037,"source_id":"faction_loyalty:2037:99:1","faction_loyalty_npc_id":99,"reward_level":1,"status":"pending"} 
[2026-09-12 20:28:05] testing.DEBUG: faction_loyalty.reward_request.reused {"character_id":2038,"source_id":"faction_loyalty:2038:99:1","faction_loyalty_npc_id":99,"reward_level":1,"status":"completed"} 
[2026-09-12 20:28:05] testing.DEBUG: faction_loyalty.reward_request.created {"character_id":2039,"request_id":101,"source_id":"faction_loyalty:2039:99:1","faction_loyalty_npc_id":99,"reward_level":1} 
[2026-09-12 20:28:05] testing.DEBUG: faction_loyalty.reward_request.created {"character_id":2039,"request_id":102,"source_id":"faction_loyalty:2039:99:2","faction_loyalty_npc_id":99,"reward_level":2} 
[2026-09-12 20:32:13] testing.DEBUG: step.checkpointed {"character_id":3072,"request_id":104,"step_name":"build_reward_plan","status":"checkpointed","source_type":"battle","attempts":0,"checkpoint_summary":"rewards_delivered_through,rewards_tally,rewards_delivered_item_ids"} 
[2026-09-12 20:32:14] testing.DEBUG: step.checkpointed {"character_id":3074,"request_id":106,"step_name":"build_reward_plan","status":"checkpointed","source_type":"battle","attempts":0,"checkpoint_summary":"personal_level,personal_xp,global_level,global_xp,global_leveled_up,personal_leveled_up,xp_applied"} 
[2026-09-12 20:32:14] testing.DEBUG: step.checkpointed {"character_id":3074,"request_id":106,"step_name":"build_reward_plan","status":"checkpointed","source_type":"battle","attempts":0,"checkpoint_summary":"personal_level,personal_xp,global_level,global_xp,global_leveled_up,personal_leveled_up,xp_applied,reward_plan"} 
[2026-09-12 20:32:14] testing.DEBUG: step.checkpointed {"character_id":3074,"request_id":106,"step_name":"build_reward_plan","status":"checkpointed","source_type":"battle","attempts":0,"checkpoint_summary":"global_xp,xp_applied,personal_xp,reward_plan,global_level,personal_level,global_leveled_up,personal_leveled_up,rewards_delivered"} 
[2026-09-12 20:32:14] testing.DEBUG: step.checkpointed {"character_id":3074,"request_id":106,"step_name":"build_reward_plan","status":"checkpointed","source_type":"battle","attempts":0,"checkpoint_summary":"global_xp,xp_applied,personal_xp,reward_plan,global_level,personal_level,global_leveled_up,personal_leveled_up,rewards_delivered,currency_scroll_result,currency_scroll_applied"} 
[2026-09-12 20:32:14] testing.DEBUG: step.checkpointed {"character_id":3074,"request_id":106,"step_name":"build_reward_plan","status":"checkpointed","source_type":"battle","attempts":0,"checkpoint_summary":"global_xp,xp_applied,personal_xp,reward_plan,global_level,personal_level,global_leveled_up,personal_leveled_up,rewards_delivered,currency_scroll_result,currency_scroll_applied,messages_stored"} 
[2026-09-12 20:32:14] testing.DEBUG: step.checkpointed {"character_id":3075,"request_id":107,"step_name":"build_reward_plan","status":"checkpointed","source_type":"battle","attempts":0,"checkpoint_summary":"personal_level,personal_xp,global_level,global_xp,global_leveled_up,personal_leveled_up,xp_applied"} 
[2026-09-12 20:32:14] testing.DEBUG: step.checkpointed {"character_id":3075,"request_id":107,"step_name":"build_reward_plan","status":"checkpointed","source_type":"battle","attempts":0,"checkpoint_summary":"personal_level,personal_xp,global_level,global_xp,global_leveled_up,personal_leveled_up,xp_applied,reward_plan"} 
[2026-09-12 20:32:14] testing.DEBUG: step.checkpointed {"character_id":3075,"request_id":107,"step_name":"build_reward_plan","status":"checkpointed","source_type":"battle","attempts":0,"checkpoint_summary":"global_xp,xp_applied,personal_xp,reward_plan,global_level,personal_level,global_leveled_up,personal_leveled_up,rewards_delivered"} 
[2026-09-12 20:32:14] testing.DEBUG: step.checkpointed {"character_id":3075,"request_id":107,"step_name":"build_reward_plan","status":"checkpointed","source_type":"battle","attempts":0,"checkpoint_summary":"global_xp,xp_applied,personal_xp,reward_plan,global_level,personal_level,global_leveled_up,personal_leveled_up,rewards_delivered,currency_scroll_result,currency_scroll_applied"} 
[2026-09-12 20:32:14] testing.DEBUG: step.checkpointed {"character_id":3075,"request_id":107,"step_name":"build_reward_plan","status":"checkpointed","source_type":"battle","attempts":0,"checkpoint_summary":"global_xp,xp_applied,personal_xp,reward_plan,global_level,personal_level,global_leveled_up,personal_leveled_up,rewards_delivered,currency_scroll_result,currency_scroll_applied,messages_stored"} 
[2026-09-12 20:32:14] testing.DEBUG: step.checkpointed {"character_id":3076,"request_id":108,"step_name":"build_reward_plan","status":"checkpointed","source_type":"battle","attempts":0,"checkpoint_summary":"personal_level,personal_xp,global_level,global_xp,global_leveled_up,personal_leveled_up,xp_applied"} 
[2026-09-12 20:32:14] testing.DEBUG: step.checkpointed {"character_id":3076,"request_id":108,"step_name":"build_reward_plan","status":"checkpointed","source_type":"battle","attempts":0,"checkpoint_summary":"personal_level,personal_xp,global_level,global_xp,global_leveled_up,personal_leveled_up,xp_applied,reward_plan"} 
[2026-09-12 20:32:14] testing.DEBUG: step.checkpointed {"character_id":3076,"request_id":108,"step_name":"build_reward_plan","status":"checkpointed","source_type":"battle","attempts":0,"checkpoint_summary":"global_xp,xp_applied,personal_xp,reward_plan,global_level,personal_level,global_leveled_up,personal_leveled_up,rewards_delivered"} 
[2026-09-12 20:32:14] testing.DEBUG: step.checkpointed {"character_id":3076,"request_id":108,"step_name":"build_reward_plan","status":"checkpointed","source_type":"battle","attempts":0,"checkpoint_summary":"global_xp,xp_applied,personal_xp,reward_plan,global_level,personal_level,global_leveled_up,personal_leveled_up,rewards_delivered,currency_scroll_result,currency_scroll_applied"} 
[2026-09-12 20:32:14] testing.DEBUG: step.checkpointed {"character_id":3076,"request_id":108,"step_name":"build_reward_plan","status":"checkpointed","source_type":"battle","attempts":0,"checkpoint_summary":"global_xp,xp_applied,personal_xp,reward_plan,global_level,personal_level,global_leveled_up,personal_leveled_up,rewards_delivered,currency_scroll_result,currency_scroll_applied,messages_stored"} 
[2026-09-12 20:32:14] testing.DEBUG: step.checkpointed {"character_id":3077,"request_id":109,"step_name":"build_reward_plan","status":"checkpointed","source_type":"battle","attempts":0,"checkpoint_summary":"personal_level,personal_xp,global_level,global_xp,global_leveled_up,personal_leveled_up,xp_applied"} 
[2026-09-12 20:32:14] testing.DEBUG: step.checkpointed {"character_id":3077,"request_id":109,"step_name":"build_reward_plan","status":"checkpointed","source_type":"battle","attempts":0,"checkpoint_summary":"personal_level,personal_xp,global_level,global_xp,global_leveled_up,personal_leveled_up,xp_applied,reward_plan"} 
[2026-09-12 20:32:14] testing.DEBUG: step.checkpointed {"character_id":3077,"request_id":109,"step_name":"build_reward_plan","status":"checkpointed","source_type":"battle","attempts":0,"checkpoint_summary":"global_xp,xp_applied,personal_xp,reward_plan,global_level,personal_level,global_leveled_up,personal_leveled_up,rewards_delivered"} 
[2026-09-12 20:32:14] testing.DEBUG: step.checkpointed {"character_id":3077,"request_id":109,"step_name":"build_reward_plan","status":"checkpointed","source_type":"battle","attempts":0,"checkpoint_summary":"global_xp,xp_applied,personal_xp,reward_plan,global_level,personal_level,global_leveled_up,personal_leveled_up,rewards_delivered,currency_scroll_result,currency_scroll_applied"} 
[2026-09-12 20:32:14] testing.DEBUG: step.checkpointed {"character_id":3077,"request_id":109,"step_name":"build_reward_plan","status":"checkpointed","source_type":"battle","attempts":0,"checkpoint_summary":"global_xp,xp_applied,personal_xp,reward_plan,global_level,personal_level,global_leveled_up,personal_leveled_up,rewards_delivered,currency_scroll_result,currency_scroll_applied,messages_stored"} 
[2026-09-12 20:32:14] testing.DEBUG: step.checkpointed {"character_id":3078,"request_id":110,"step_name":"build_reward_plan","status":"checkpointed","source_type":"battle","attempts":0,"checkpoint_summary":"personal_level,personal_xp,global_level,global_xp,global_leveled_up,personal_leveled_up,xp_applied"} 
[2026-09-12 20:32:14] testing.DEBUG: step.checkpointed {"character_id":3078,"request_id":110,"step_name":"build_reward_plan","status":"checkpointed","source_type":"battle","attempts":0,"checkpoint_summary":"personal_level,personal_xp,global_level,global_xp,global_leveled_up,personal_leveled_up,xp_applied,reward_plan"} 
[2026-09-12 20:32:14] testing.DEBUG: step.checkpointed {"character_id":3078,"request_id":110,"step_name":"build_reward_plan","status":"checkpointed","source_type":"battle","attempts":0,"checkpoint_summary":"global_xp,xp_applied,personal_xp,reward_plan,global_level,personal_level,global_leveled_up,personal_leveled_up,rewards_delivered"} 
[2026-09-12 20:32:14] testing.DEBUG: step.checkpointed {"character_id":3078,"request_id":110,"step_name":"build_reward_plan","status":"checkpointed","source_type":"battle","attempts":0,"checkpoint_summary":"global_xp,xp_applied,personal_xp,reward_plan,global_level,personal_level,global_leveled_up,personal_leveled_up,rewards_delivered,currency_scroll_result,currency_scroll_applied"} 
[2026-09-12 20:32:14] testing.DEBUG: step.checkpointed {"character_id":3078,"request_id":110,"step_name":"build_reward_plan","status":"checkpointed","source_type":"battle","attempts":0,"checkpoint_summary":"global_xp,xp_applied,personal_xp,reward_plan,global_level,personal_level,global_leveled_up,personal_leveled_up,rewards_delivered,currency_scroll_result,currency_scroll_applied,messages_stored"} 
[2026-09-12 20:32:15] testing.DEBUG: step.checkpointed {"character_id":3079,"request_id":111,"step_name":"build_reward_plan","status":"checkpointed","source_type":"battle","attempts":0,"checkpoint_summary":"personal_level,personal_xp,global_level,global_xp,global_leveled_up,personal_leveled_up,xp_applied"} 
[2026-09-12 20:32:15] testing.DEBUG: step.checkpointed {"character_id":3079,"request_id":111,"step_name":"build_reward_plan","status":"checkpointed","source_type":"battle","attempts":0,"checkpoint_summary":"personal_level,personal_xp,global_level,global_xp,global_leveled_up,personal_leveled_up,xp_applied,reward_plan"} 
[2026-09-12 20:32:15] testing.DEBUG: step.checkpointed {"character_id":3079,"request_id":111,"step_name":"build_reward_plan","status":"checkpointed","source_type":"battle","attempts":0,"checkpoint_summary":"personal_level,personal_xp,global_level,global_xp,global_leveled_up,personal_leveled_up,xp_applied,reward_plan,rewards_delivered_through,rewards_tally,rewards_delivered_item_ids"} 
[2026-09-12 20:32:15] testing.DEBUG: step.checkpointed {"character_id":3079,"request_id":111,"step_name":"build_reward_plan","status":"checkpointed","source_type":"battle","attempts":0,"checkpoint_summary":"personal_level,personal_xp,global_level,global_xp,global_leveled_up,personal_leveled_up,xp_applied,reward_plan,rewards_delivered_through,rewards_tally,rewards_delivered_item_ids"} 
[2026-09-12 20:32:15] testing.DEBUG: step.checkpointed {"character_id":3079,"request_id":111,"step_name":"build_reward_plan","status":"checkpointed","source_type":"battle","attempts":0,"checkpoint_summary":"personal_level,personal_xp,global_level,global_xp,global_leveled_up,personal_leveled_up,xp_applied,reward_plan,rewards_delivered_through,rewards_tally,rewards_delivered_item_ids"} 
[2026-09-12 20:32:15] testing.DEBUG: step.checkpointed {"character_id":3079,"request_id":111,"step_name":"build_reward_plan","status":"checkpointed","source_type":"battle","attempts":0,"checkpoint_summary":"global_xp,xp_applied,personal_xp,reward_plan,global_level,rewards_tally,personal_level,global_leveled_up,personal_leveled_up,rewards_delivered_through,rewards_delivered_item_ids,rewards_delivered"} 
[2026-09-12 20:32:15] testing.DEBUG: step.checkpointed {"character_id":3079,"request_id":111,"step_name":"build_reward_plan","status":"checkpointed","source_type":"battle","attempts":0,"checkpoint_summary":"global_xp,xp_applied,personal_xp,reward_plan,global_level,rewards_tally,personal_level,global_leveled_up,personal_leveled_up,rewards_delivered_through,rewards_delivered_item_ids,rewards_delivered,currency_scroll_result,currency_scroll_applied"} 
[2026-09-12 20:32:15] testing.DEBUG: step.checkpointed {"character_id":3079,"request_id":111,"step_name":"build_reward_plan","status":"checkpointed","source_type":"battle","attempts":0,"checkpoint_summary":"global_xp,xp_applied,personal_xp,reward_plan,global_level,rewards_tally,personal_level,global_leveled_up,personal_leveled_up,rewards_delivered_through,rewards_delivered_item_ids,rewards_delivered,currency_scroll_result,currency_scroll_applied,messages_stored"} 
[2026-09-12 20:32:15] testing.DEBUG: step.checkpointed {"character_id":3080,"request_id":112,"step_name":"build_reward_plan","status":"checkpointed","source_type":"battle","attempts":0,"checkpoint_summary":"personal_level,personal_xp,global_level,global_xp,global_leveled_up,personal_leveled_up,xp_applied"} 
[2026-09-12 20:32:15] testing.DEBUG: step.checkpointed {"character_id":3080,"request_id":112,"step_name":"build_reward_plan","status":"checkpointed","source_type":"battle","attempts":0,"checkpoint_summary":"personal_level,personal_xp,global_level,global_xp,global_leveled_up,personal_leveled_up,xp_applied,reward_plan"} 
[2026-09-12 20:32:15] testing.DEBUG: step.checkpointed {"character_id":3080,"request_id":112,"step_name":"build_reward_plan","status":"checkpointed","source_type":"battle","attempts":0,"checkpoint_summary":"personal_level,personal_xp,global_level,global_xp,global_leveled_up,personal_leveled_up,xp_applied,reward_plan,rewards_delivered_through,rewards_tally,rewards_delivered_item_ids"} 
[2026-09-12 20:32:15] testing.DEBUG: step.checkpointed {"character_id":3080,"request_id":112,"step_name":"build_reward_plan","status":"checkpointed","source_type":"battle","attempts":0,"checkpoint_summary":"global_xp,xp_applied,personal_xp,reward_plan,global_level,rewards_tally,personal_level,global_leveled_up,personal_leveled_up,rewards_delivered_through,rewards_delivered_item_ids,rewards_delivered"} 
[2026-09-12 20:32:15] testing.DEBUG: step.checkpointed {"character_id":3080,"request_id":112,"step_name":"build_reward_plan","status":"checkpointed","source_type":"battle","attempts":0,"checkpoint_summary":"global_xp,xp_applied,personal_xp,reward_plan,global_level,rewards_tally,personal_level,global_leveled_up,personal_leveled_up,rewards_delivered_through,rewards_delivered_item_ids,rewards_delivered,currency_scroll_result,currency_scroll_applied"} 
[2026-09-12 20:32:15] testing.DEBUG: step.checkpointed {"character_id":3080,"request_id":112,"step_name":"build_reward_plan","status":"checkpointed","source_type":"battle","attempts":0,"checkpoint_summary":"global_xp,xp_applied,personal_xp,reward_plan,global_level,rewards_tally,personal_level,global_leveled_up,personal_leveled_up,rewards_delivered_through,rewards_delivered_item_ids,rewards_delivered,currency_scroll_result,currency_scroll_applied,messages_stored"} 
[2026-09-12 20:32:15] testing.DEBUG: step.checkpointed {"character_id":3081,"request_id":113,"step_name":"build_reward_plan","status":"checkpointed","source_type":"battle","attempts":0,"checkpoint_summary":"personal_level,personal_xp,global_level,global_xp,global_leveled_up,personal_leveled_up,xp_applied"} 
[2026-09-12 20:32:15] testing.DEBUG: step.checkpointed {"character_id":3081,"request_id":113,"step_name":"build_reward_plan","status":"checkpointed","source_type":"battle","attempts":0,"checkpoint_summary":"personal_level,personal_xp,global_level,global_xp,global_leveled_up,personal_leveled_up,xp_applied,reward_plan"} 
[2026-09-12 20:32:15] testing.DEBUG: step.checkpointed {"character_id":3081,"request_id":113,"step_name":"build_reward_plan","status":"checkpointed","source_type":"battle","attempts":0,"checkpoint_summary":"personal_level,personal_xp,global_level,global_xp,global_leveled_up,personal_leveled_up,xp_applied,reward_plan,rewards_delivered_through,rewards_tally,rewards_delivered_item_ids"} 
[2026-09-12 20:32:15] testing.DEBUG: step.checkpointed {"character_id":3081,"request_id":113,"step_name":"build_reward_plan","status":"checkpointed","source_type":"battle","attempts":0,"checkpoint_summary":"global_xp,xp_applied,personal_xp,reward_plan,global_level,rewards_tally,personal_level,global_leveled_up,personal_leveled_up,rewards_delivered_through,rewards_delivered_item_ids,rewards_delivered"} 
[2026-09-12 20:32:15] testing.DEBUG: step.checkpointed {"character_id":3081,"request_id":113,"step_name":"build_reward_plan","status":"checkpointed","source_type":"battle","attempts":0,"checkpoint_summary":"global_xp,xp_applied,personal_xp,reward_plan,global_level,rewards_tally,personal_level,global_leveled_up,personal_leveled_up,rewards_delivered_through,rewards_delivered_item_ids,rewards_delivered,currency_scroll_result,currency_scroll_applied"} 
[2026-09-12 20:32:15] testing.DEBUG: message.stored {"character_id":3081,"request_id":113,"step_name":"build_reward_plan","status":"pending"} 
[2026-09-12 20:32:15] testing.DEBUG: step.checkpointed {"character_id":3081,"request_id":113,"step_name":"build_reward_plan","status":"checkpointed","source_type":"battle","attempts":0,"checkpoint_summary":"global_xp,xp_applied,personal_xp,reward_plan,global_level,rewards_tally,personal_level,global_leveled_up,personal_leveled_up,rewards_delivered_through,rewards_delivered_item_ids,rewards_delivered,currency_scroll_result,currency_scroll_applied,messages_stored"} 
[2026-09-12 20:32:16] testing.DEBUG: step.checkpointed {"character_id":3082,"request_id":114,"step_name":"build_reward_plan","status":"checkpointed","source_type":"battle","attempts":0,"checkpoint_summary":"personal_level,personal_xp,global_level,global_xp,global_leveled_up,personal_leveled_up,xp_applied"} 
[2026-09-12 20:32:16] testing.DEBUG: step.checkpointed {"character_id":3082,"request_id":114,"step_name":"build_reward_plan","status":"checkpointed","source_type":"battle","attempts":0,"checkpoint_summary":"personal_level,personal_xp,global_level,global_xp,global_leveled_up,personal_leveled_up,xp_applied,reward_plan"} 
[2026-09-12 20:32:16] testing.DEBUG: step.checkpointed {"character_id":3082,"request_id":114,"step_name":"build_reward_plan","status":"checkpointed","source_type":"battle","attempts":0,"checkpoint_summary":"personal_level,personal_xp,global_level,global_xp,global_leveled_up,personal_leveled_up,xp_applied,reward_plan,rewards_delivered_through,rewards_tally,rewards_delivered_item_ids"} 
[2026-09-12 20:32:16] testing.DEBUG: step.checkpointed {"character_id":3082,"request_id":114,"step_name":"build_reward_plan","status":"checkpointed","source_type":"battle","attempts":0,"checkpoint_summary":"global_xp,xp_applied,personal_xp,reward_plan,global_level,rewards_tally,personal_level,global_leveled_up,personal_leveled_up,rewards_delivered_through,rewards_delivered_item_ids,rewards_delivered"} 
[2026-09-12 20:32:16] testing.DEBUG: step.checkpointed {"character_id":3082,"request_id":114,"step_name":"build_reward_plan","status":"checkpointed","source_type":"battle","attempts":0,"checkpoint_summary":"global_xp,xp_applied,personal_xp,reward_plan,global_level,rewards_tally,personal_level,global_leveled_up,personal_leveled_up,rewards_delivered_through,rewards_delivered_item_ids,rewards_delivered,currency_scroll_result,currency_scroll_applied"} 
[2026-09-12 20:32:16] testing.DEBUG: step.checkpointed {"character_id":3082,"request_id":114,"step_name":"build_reward_plan","status":"checkpointed","source_type":"battle","attempts":0,"checkpoint_summary":"global_xp,xp_applied,personal_xp,reward_plan,global_level,rewards_tally,personal_level,global_leveled_up,personal_leveled_up,rewards_delivered_through,rewards_delivered_item_ids,rewards_delivered,currency_scroll_result,currency_scroll_applied,messages_stored"} 
[2026-09-12 20:32:16] testing.DEBUG: step.checkpointed {"character_id":3083,"request_id":115,"step_name":"build_reward_plan","status":"checkpointed","source_type":"battle","attempts":0,"checkpoint_summary":"personal_level,personal_xp,global_level,global_xp,global_leveled_up,personal_leveled_up,xp_applied"} 
[2026-09-12 20:32:16] testing.DEBUG: step.checkpointed {"character_id":3083,"request_id":115,"step_name":"build_reward_plan","status":"checkpointed","source_type":"battle","attempts":0,"checkpoint_summary":"personal_level,personal_xp,global_level,global_xp,global_leveled_up,personal_leveled_up,xp_applied,reward_plan"} 
[2026-09-12 20:32:16] testing.DEBUG: step.checkpointed {"character_id":3083,"request_id":115,"step_name":"build_reward_plan","status":"checkpointed","source_type":"battle","attempts":0,"checkpoint_summary":"global_xp,xp_applied,personal_xp,reward_plan,global_level,personal_level,global_leveled_up,personal_leveled_up,rewards_delivered"} 
[2026-09-12 20:32:16] testing.DEBUG: step.checkpointed {"character_id":3083,"request_id":115,"step_name":"build_reward_plan","status":"checkpointed","source_type":"battle","attempts":0,"checkpoint_summary":"global_xp,xp_applied,personal_xp,reward_plan,global_level,personal_level,global_leveled_up,personal_leveled_up,rewards_delivered,currency_scroll_result,currency_scroll_applied"} 
[2026-09-12 20:32:16] testing.DEBUG: step.checkpointed {"character_id":3083,"request_id":115,"step_name":"build_reward_plan","status":"checkpointed","source_type":"battle","attempts":0,"checkpoint_summary":"global_xp,xp_applied,personal_xp,reward_plan,global_level,personal_level,global_leveled_up,personal_leveled_up,rewards_delivered,currency_scroll_result,currency_scroll_applied,messages_stored"} 
[2026-09-12 20:32:16] testing.DEBUG: step.checkpointed {"character_id":3084,"request_id":116,"step_name":"build_reward_plan","status":"checkpointed","source_type":"battle","attempts":0,"checkpoint_summary":"personal_level,personal_xp,global_level,global_xp,global_leveled_up,personal_leveled_up,xp_applied"} 
[2026-09-12 20:32:16] testing.DEBUG: step.checkpointed {"character_id":3084,"request_id":116,"step_name":"build_reward_plan","status":"checkpointed","source_type":"battle","attempts":0,"checkpoint_summary":"personal_level,personal_xp,global_level,global_xp,global_leveled_up,personal_leveled_up,xp_applied,reward_plan"} 
[2026-09-12 20:32:16] testing.DEBUG: step.checkpointed {"character_id":3084,"request_id":116,"step_name":"build_reward_plan","status":"checkpointed","source_type":"battle","attempts":0,"checkpoint_summary":"global_xp,xp_applied,personal_xp,reward_plan,global_level,personal_level,global_leveled_up,personal_leveled_up,rewards_delivered"} 
[2026-09-12 20:32:16] testing.DEBUG: step.checkpointed {"character_id":3084,"request_id":116,"step_name":"build_reward_plan","status":"checkpointed","source_type":"battle","attempts":0,"checkpoint_summary":"global_xp,xp_applied,personal_xp,reward_plan,global_level,personal_level,global_leveled_up,personal_leveled_up,rewards_delivered,currency_scroll_result,currency_scroll_applied"} 
[2026-09-12 20:32:16] testing.DEBUG: message.stored {"character_id":3084,"request_id":116,"step_name":"build_reward_plan","status":"pending"} 
[2026-09-12 20:32:16] testing.DEBUG: step.checkpointed {"character_id":3084,"request_id":116,"step_name":"build_reward_plan","status":"checkpointed","source_type":"battle","attempts":0,"checkpoint_summary":"global_xp,xp_applied,personal_xp,reward_plan,global_level,personal_level,global_leveled_up,personal_leveled_up,rewards_delivered,currency_scroll_result,currency_scroll_applied,messages_stored"} 
[2026-09-12 20:32:17] testing.DEBUG: step.checkpointed {"character_id":3085,"request_id":117,"step_name":"build_reward_plan","status":"checkpointed","source_type":"battle","attempts":0,"checkpoint_summary":"personal_level,personal_xp,global_level,global_xp,global_leveled_up,personal_leveled_up,xp_applied"} 
[2026-09-12 20:32:17] testing.DEBUG: step.checkpointed {"character_id":3085,"request_id":117,"step_name":"build_reward_plan","status":"checkpointed","source_type":"battle","attempts":0,"checkpoint_summary":"personal_level,personal_xp,global_level,global_xp,global_leveled_up,personal_leveled_up,xp_applied,reward_plan"} 
[2026-09-12 20:32:17] testing.DEBUG: step.checkpointed {"character_id":3085,"request_id":117,"step_name":"build_reward_plan","status":"checkpointed","source_type":"battle","attempts":0,"checkpoint_summary":"personal_level,personal_xp,global_level,global_xp,global_leveled_up,personal_leveled_up,xp_applied,reward_plan,rewards_delivered_through,rewards_tally,rewards_delivered_item_ids"} 
[2026-09-12 20:32:17] testing.DEBUG: step.checkpointed {"character_id":3085,"request_id":117,"step_name":"build_reward_plan","status":"checkpointed","source_type":"battle","attempts":0,"checkpoint_summary":"personal_level,personal_xp,global_level,global_xp,global_leveled_up,personal_leveled_up,xp_applied,reward_plan,rewards_delivered_through,rewards_tally,rewards_delivered_item_ids"} 
[2026-09-12 20:32:17] testing.DEBUG: step.checkpointed {"character_id":3085,"request_id":117,"step_name":"build_reward_plan","status":"checkpointed","source_type":"battle","attempts":0,"checkpoint_summary":"global_xp,xp_applied,personal_xp,reward_plan,global_level,rewards_tally,personal_level,global_leveled_up,personal_leveled_up,rewards_delivered_through,rewards_delivered_item_ids,rewards_delivered"} 
[2026-09-12 20:32:17] testing.DEBUG: step.checkpointed {"character_id":3085,"request_id":117,"step_name":"build_reward_plan","status":"checkpointed","source_type":"battle","attempts":0,"checkpoint_summary":"global_xp,xp_applied,personal_xp,reward_plan,global_level,rewards_tally,personal_level,global_leveled_up,personal_leveled_up,rewards_delivered_through,rewards_delivered_item_ids,rewards_delivered,currency_scroll_result,currency_scroll_applied"} 
[2026-09-12 20:32:17] testing.DEBUG: step.checkpointed {"character_id":3085,"request_id":117,"step_name":"build_reward_plan","status":"checkpointed","source_type":"battle","attempts":0,"checkpoint_summary":"global_xp,xp_applied,personal_xp,reward_plan,global_level,rewards_tally,personal_level,global_leveled_up,personal_leveled_up,rewards_delivered_through,rewards_delivered_item_ids,rewards_delivered,currency_scroll_result,currency_scroll_applied,messages_stored"} 
[2026-09-12 20:32:17] testing.DEBUG: step.checkpointed {"character_id":3086,"request_id":118,"step_name":"build_reward_plan","status":"checkpointed","source_type":"battle","attempts":0,"checkpoint_summary":"personal_level,personal_xp,global_level,global_xp,global_leveled_up,personal_leveled_up,xp_applied"} 
[2026-09-12 20:32:17] testing.DEBUG: step.checkpointed {"character_id":3086,"request_id":118,"step_name":"build_reward_plan","status":"checkpointed","source_type":"battle","attempts":0,"checkpoint_summary":"personal_level,personal_xp,global_level,global_xp,global_leveled_up,personal_leveled_up,xp_applied,reward_plan"} 
[2026-09-12 20:32:17] testing.DEBUG: step.checkpointed {"character_id":3086,"request_id":118,"step_name":"build_reward_plan","status":"checkpointed","source_type":"battle","attempts":0,"checkpoint_summary":"personal_level,personal_xp,global_level,global_xp,global_leveled_up,personal_leveled_up,xp_applied,reward_plan,rewards_delivered_through,rewards_tally,rewards_delivered_item_ids"} 
[2026-09-12 20:32:17] testing.DEBUG: step.checkpointed {"character_id":3086,"request_id":118,"step_name":"build_reward_plan","status":"checkpointed","source_type":"battle","attempts":0,"checkpoint_summary":"personal_level,personal_xp,global_level,global_xp,global_leveled_up,personal_leveled_up,xp_applied,reward_plan,rewards_delivered_through,rewards_tally,rewards_delivered_item_ids"} 
[2026-09-12 20:32:17] testing.DEBUG: step.checkpointed {"character_id":3086,"request_id":118,"step_name":"build_reward_plan","status":"checkpointed","source_type":"battle","attempts":0,"checkpoint_summary":"global_xp,xp_applied,personal_xp,reward_plan,global_level,rewards_tally,personal_level,global_leveled_up,personal_leveled_up,rewards_delivered_through,rewards_delivered_item_ids,rewards_delivered"} 
[2026-09-12 20:32:17] testing.DEBUG: step.checkpointed {"character_id":3086,"request_id":118,"step_name":"build_reward_plan","status":"checkpointed","source_type":"battle","attempts":0,"checkpoint_summary":"global_xp,xp_applied,personal_xp,reward_plan,global_level,rewards_tally,personal_level,global_leveled_up,personal_leveled_up,rewards_delivered_through,rewards_delivered_item_ids,rewards_delivered,currency_scroll_result,currency_scroll_applied"} 
[2026-09-12 20:32:17] testing.DEBUG: message.stored {"character_id":3086,"request_id":118,"step_name":"build_reward_plan","status":"pending"} 
[2026-09-12 20:32:17] testing.DEBUG: step.checkpointed {"character_id":3086,"request_id":118,"step_name":"build_reward_plan","status":"checkpointed","source_type":"battle","attempts":0,"checkpoint_summary":"global_xp,xp_applied,personal_xp,reward_plan,global_level,rewards_tally,personal_level,global_leveled_up,personal_leveled_up,rewards_delivered_through,rewards_delivered_item_ids,rewards_delivered,currency_scroll_result,currency_scroll_applied,messages_stored"} 
[2026-09-12 20:32:17] testing.DEBUG: step.checkpointed {"character_id":3087,"request_id":119,"step_name":"build_reward_plan","status":"checkpointed","source_type":"battle","attempts":0,"checkpoint_summary":"personal_level,personal_xp,global_level,global_xp,global_leveled_up,personal_leveled_up,xp_applied"} 
[2026-09-12 20:32:17] testing.DEBUG: step.checkpointed {"character_id":3087,"request_id":119,"step_name":"build_reward_plan","status":"checkpointed","source_type":"battle","attempts":0,"checkpoint_summary":"personal_level,personal_xp,global_level,global_xp,global_leveled_up,personal_leveled_up,xp_applied,reward_plan"} 
[2026-09-12 20:32:17] testing.DEBUG: step.checkpointed {"character_id":3087,"request_id":119,"step_name":"build_reward_plan","status":"checkpointed","source_type":"battle","attempts":0,"checkpoint_summary":"personal_level,personal_xp,global_level,global_xp,global_leveled_up,personal_leveled_up,xp_applied,reward_plan,rewards_delivered_through,rewards_tally,rewards_delivered_item_ids"} 
[2026-09-12 20:32:17] testing.DEBUG: step.checkpointed {"character_id":3087,"request_id":119,"step_name":"build_reward_plan","status":"checkpointed","source_type":"battle","attempts":0,"checkpoint_summary":"global_xp,xp_applied,personal_xp,reward_plan,global_level,rewards_tally,personal_level,global_leveled_up,personal_leveled_up,rewards_delivered_through,rewards_delivered_item_ids,rewards_delivered"} 
[2026-09-12 20:32:17] testing.DEBUG: step.checkpointed {"character_id":3087,"request_id":119,"step_name":"build_reward_plan","status":"checkpointed","source_type":"battle","attempts":0,"checkpoint_summary":"global_xp,xp_applied,personal_xp,reward_plan,global_level,rewards_tally,personal_level,global_leveled_up,personal_leveled_up,rewards_delivered_through,rewards_delivered_item_ids,rewards_delivered,currency_scroll_result,currency_scroll_applied"} 
[2026-09-12 20:32:17] testing.DEBUG: step.checkpointed {"character_id":3087,"request_id":119,"step_name":"build_reward_plan","status":"checkpointed","source_type":"battle","attempts":0,"checkpoint_summary":"global_xp,xp_applied,personal_xp,reward_plan,global_level,rewards_tally,personal_level,global_leveled_up,personal_leveled_up,rewards_delivered_through,rewards_delivered_item_ids,rewards_delivered,currency_scroll_result,currency_scroll_applied,messages_stored"} 
[2026-09-12 20:32:17] testing.DEBUG: step.checkpointed {"character_id":3088,"request_id":120,"step_name":"build_reward_plan","status":"checkpointed","source_type":"battle","attempts":0,"checkpoint_summary":"personal_level,personal_xp,global_level,global_xp,global_leveled_up,personal_leveled_up,xp_applied"} 
[2026-09-12 20:32:17] testing.DEBUG: step.checkpointed {"character_id":3088,"request_id":120,"step_name":"build_reward_plan","status":"checkpointed","source_type":"battle","attempts":0,"checkpoint_summary":"personal_level,personal_xp,global_level,global_xp,global_leveled_up,personal_leveled_up,xp_applied,reward_plan"} 
[2026-09-12 20:32:18] testing.DEBUG: step.checkpointed {"character_id":3088,"request_id":120,"step_name":"build_reward_plan","status":"checkpointed","source_type":"battle","attempts":0,"checkpoint_summary":"personal_level,personal_xp,global_level,global_xp,global_leveled_up,personal_leveled_up,xp_applied,reward_plan,rewards_delivered_through,rewards_tally,rewards_delivered_item_ids"} 
[2026-09-12 20:32:18] testing.DEBUG: step.checkpointed {"character_id":3088,"request_id":120,"step_name":"build_reward_plan","status":"checkpointed","source_type":"battle","attempts":0,"checkpoint_summary":"personal_level,personal_xp,global_level,global_xp,global_leveled_up,personal_leveled_up,xp_applied,reward_plan,rewards_delivered_through,rewards_tally,rewards_delivered_item_ids"} 
[2026-09-12 20:32:18] testing.DEBUG: step.checkpointed {"character_id":3088,"request_id":120,"step_name":"build_reward_plan","status":"checkpointed","source_type":"battle","attempts":0,"checkpoint_summary":"personal_level,personal_xp,global_level,global_xp,global_leveled_up,personal_leveled_up,xp_applied,reward_plan,rewards_delivered_through,rewards_tally,rewards_delivered_item_ids"} 
[2026-09-12 20:32:18] testing.DEBUG: step.checkpointed {"character_id":3088,"request_id":120,"step_name":"build_reward_plan","status":"checkpointed","source_type":"battle","attempts":0,"checkpoint_summary":"personal_level,personal_xp,global_level,global_xp,global_leveled_up,personal_leveled_up,xp_applied,reward_plan,rewards_delivered_through,rewards_tally,rewards_delivered_item_ids"} 
[2026-09-12 20:32:18] testing.DEBUG: step.checkpointed {"character_id":3088,"request_id":120,"step_name":"build_reward_plan","status":"checkpointed","source_type":"battle","attempts":0,"checkpoint_summary":"personal_level,personal_xp,global_level,global_xp,global_leveled_up,personal_leveled_up,xp_applied,reward_plan,rewards_delivered_through,rewards_tally,rewards_delivered_item_ids"} 
[2026-09-12 20:32:18] testing.DEBUG: step.checkpointed {"character_id":3088,"request_id":120,"step_name":"build_reward_plan","status":"checkpointed","source_type":"battle","attempts":0,"checkpoint_summary":"global_xp,xp_applied,personal_xp,reward_plan,global_level,rewards_tally,personal_level,global_leveled_up,personal_leveled_up,rewards_delivered_through,rewards_delivered_item_ids,rewards_delivered"} 
[2026-09-12 20:32:18] testing.DEBUG: step.checkpointed {"character_id":3088,"request_id":120,"step_name":"build_reward_plan","status":"checkpointed","source_type":"battle","attempts":0,"checkpoint_summary":"global_xp,xp_applied,personal_xp,reward_plan,global_level,rewards_tally,personal_level,global_leveled_up,personal_leveled_up,rewards_delivered_through,rewards_delivered_item_ids,rewards_delivered,currency_scroll_result,currency_scroll_applied"} 
[2026-09-12 20:32:18] testing.DEBUG: step.checkpointed {"character_id":3088,"request_id":120,"step_name":"build_reward_plan","status":"checkpointed","source_type":"battle","attempts":0,"checkpoint_summary":"global_xp,xp_applied,personal_xp,reward_plan,global_level,rewards_tally,personal_level,global_leveled_up,personal_leveled_up,rewards_delivered_through,rewards_delivered_item_ids,rewards_delivered,currency_scroll_result,currency_scroll_applied,messages_stored"} 
[2026-09-12 20:33:59] testing.DEBUG: step.created {"character_id":3504,"request_id":124,"step_name":"build_reward_plan","status":"pending","source_type":"quest","source_id":"quest:3504:194"} 
[2026-09-12 20:33:59] testing.DEBUG: step.created {"character_id":3504,"request_id":124,"step_name":"skill_points","status":"pending","source_type":"quest","source_id":"quest:3504:194"} 
[2026-09-12 20:33:59] testing.DEBUG: step.created {"character_id":3504,"request_id":124,"step_name":"faction_points","status":"pending","source_type":"quest","source_id":"quest:3504:194"} 
[2026-09-12 20:33:59] testing.DEBUG: step.created {"character_id":3504,"request_id":124,"step_name":"faction_loyalty_bounty","status":"pending","source_type":"quest","source_id":"quest:3504:194"} 
[2026-09-12 20:33:59] testing.DEBUG: step.created {"character_id":3504,"request_id":124,"step_name":"currency_rewards","status":"pending","source_type":"quest","source_id":"quest:3504:194"} 
[2026-09-12 20:33:59] testing.DEBUG: step.created {"character_id":3504,"request_id":124,"step_name":"specific_location_rewards","status":"pending","source_type":"quest","source_id":"quest:3504:194"} 
[2026-09-12 20:33:59] testing.DEBUG: step.created {"character_id":3504,"request_id":124,"step_name":"item_drops","status":"pending","source_type":"quest","source_id":"quest:3504:194"} 
[2026-09-12 20:33:59] testing.DEBUG: step.created {"character_id":3504,"request_id":124,"step_name":"weekly_rewards","status":"pending","source_type":"quest","source_id":"quest:3504:194"} 
[2026-09-12 20:33:59] testing.DEBUG: step.created {"character_id":3504,"request_id":124,"step_name":"secondary_rewards","status":"pending","source_type":"quest","source_id":"quest:3504:194"} 
[2026-09-12 20:33:59] testing.DEBUG: step.created {"character_id":3504,"request_id":124,"step_name":"global_event_participation","status":"pending","source_type":"quest","source_id":"quest:3504:194"} 
[2026-09-12 20:33:59] testing.DEBUG: step.created {"character_id":3504,"request_id":124,"step_name":"xp","status":"pending","source_type":"quest","source_id":"quest:3504:194"} 
[2026-09-12 20:33:59] testing.DEBUG: step.created {"character_id":3504,"request_id":124,"step_name":"gem_world_rewards","status":"pending","source_type":"quest","source_id":"quest:3504:194"} 
[2026-09-12 20:33:59] testing.DEBUG: step.created {"character_id":3504,"request_id":124,"step_name":"exploration_context","status":"pending","source_type":"quest","source_id":"quest:3504:194"} 
[2026-09-12 20:33:59] testing.DEBUG: step.created {"character_id":3504,"request_id":124,"step_name":"winter_event","status":"pending","source_type":"quest","source_id":"quest:3504:194"} 
[2026-09-12 20:33:59] testing.DEBUG: step.created {"character_id":3504,"request_id":124,"step_name":"final_player_updates","status":"pending","source_type":"quest","source_id":"quest:3504:194"} 
[2026-09-12 20:33:59] testing.DEBUG: step.created {"character_id":3504,"request_id":124,"step_name":"message_outbox","status":"pending","source_type":"quest","source_id":"quest:3504:194"} 
[2026-09-12 20:33:59] testing.DEBUG: ledger.created {"character_id":3504,"request_id":124,"status":"created","source_type":"quest","source_id":"quest:3504:194"} 
[2026-09-12 20:33:59] testing.DEBUG: step.started {"character_id":3504,"request_id":124,"step_name":"build_reward_plan","status":"running","source_type":"quest","source_id":"quest:3504:194","attempts":1} 
[2026-09-12 20:33:59] testing.DEBUG: step.completed {"character_id":3504,"request_id":124,"step_name":"build_reward_plan","status":"completed","source_type":"quest","source_id":"quest:3504:194","attempts":1} 
[2026-09-12 20:33:59] testing.DEBUG: step.started {"character_id":3504,"request_id":124,"step_name":"skill_points","status":"running","source_type":"quest","source_id":"quest:3504:194","attempts":1} 
[2026-09-12 20:33:59] testing.DEBUG: step.completed {"character_id":3504,"request_id":124,"step_name":"skill_points","status":"completed","source_type":"quest","source_id":"quest:3504:194","attempts":1} 
[2026-09-12 20:33:59] testing.DEBUG: step.started {"character_id":3504,"request_id":124,"step_name":"faction_points","status":"running","source_type":"quest","source_id":"quest:3504:194","attempts":1} 
[2026-09-12 20:33:59] testing.DEBUG: step.completed {"character_id":3504,"request_id":124,"step_name":"faction_points","status":"completed","source_type":"quest","source_id":"quest:3504:194","attempts":1} 
[2026-09-12 20:33:59] testing.DEBUG: step.started {"character_id":3504,"request_id":124,"step_name":"faction_loyalty_bounty","status":"running","source_type":"quest","source_id":"quest:3504:194","attempts":1} 
[2026-09-12 20:33:59] testing.DEBUG: step.completed {"character_id":3504,"request_id":124,"step_name":"faction_loyalty_bounty","status":"completed","source_type":"quest","source_id":"quest:3504:194","attempts":1} 
[2026-09-12 20:33:59] testing.DEBUG: step.started {"character_id":3504,"request_id":124,"step_name":"currency_rewards","status":"running","source_type":"quest","source_id":"quest:3504:194","attempts":1} 
[2026-09-12 20:33:59] testing.DEBUG: step.completed {"character_id":3504,"request_id":124,"step_name":"currency_rewards","status":"completed","source_type":"quest","source_id":"quest:3504:194","attempts":1} 
[2026-09-12 20:33:59] testing.DEBUG: step.started {"character_id":3504,"request_id":124,"step_name":"specific_location_rewards","status":"running","source_type":"quest","source_id":"quest:3504:194","attempts":1} 
[2026-09-12 20:33:59] testing.DEBUG: step.completed {"character_id":3504,"request_id":124,"step_name":"specific_location_rewards","status":"completed","source_type":"quest","source_id":"quest:3504:194","attempts":1} 
[2026-09-12 20:33:59] testing.DEBUG: step.started {"character_id":3504,"request_id":124,"step_name":"item_drops","status":"running","source_type":"quest","source_id":"quest:3504:194","attempts":1} 
[2026-09-12 20:33:59] testing.DEBUG: step.completed {"character_id":3504,"request_id":124,"step_name":"item_drops","status":"completed","source_type":"quest","source_id":"quest:3504:194","attempts":1} 
[2026-09-12 20:33:59] testing.DEBUG: step.started {"character_id":3504,"request_id":124,"step_name":"weekly_rewards","status":"running","source_type":"quest","source_id":"quest:3504:194","attempts":1} 
[2026-09-12 20:33:59] testing.DEBUG: step.completed {"character_id":3504,"request_id":124,"step_name":"weekly_rewards","status":"completed","source_type":"quest","source_id":"quest:3504:194","attempts":1} 
[2026-09-12 20:33:59] testing.DEBUG: step.started {"character_id":3504,"request_id":124,"step_name":"secondary_rewards","status":"running","source_type":"quest","source_id":"quest:3504:194","attempts":1} 
[2026-09-12 20:33:59] testing.DEBUG: step.completed {"character_id":3504,"request_id":124,"step_name":"secondary_rewards","status":"completed","source_type":"quest","source_id":"quest:3504:194","attempts":1} 
[2026-09-12 20:33:59] testing.DEBUG: step.started {"character_id":3504,"request_id":124,"step_name":"global_event_participation","status":"running","source_type":"quest","source_id":"quest:3504:194","attempts":1} 
[2026-09-12 20:33:59] testing.DEBUG: step.completed {"character_id":3504,"request_id":124,"step_name":"global_event_participation","status":"completed","source_type":"quest","source_id":"quest:3504:194","attempts":1} 
[2026-09-12 20:33:59] testing.DEBUG: step.started {"character_id":3504,"request_id":124,"step_name":"xp","status":"running","source_type":"quest","source_id":"quest:3504:194","attempts":1} 
[2026-09-12 20:33:59] testing.DEBUG: step.completed {"character_id":3504,"request_id":124,"step_name":"xp","status":"completed","source_type":"quest","source_id":"quest:3504:194","attempts":1} 
[2026-09-12 20:33:59] testing.DEBUG: step.started {"character_id":3504,"request_id":124,"step_name":"gem_world_rewards","status":"running","source_type":"quest","source_id":"quest:3504:194","attempts":1} 
[2026-09-12 20:33:59] testing.DEBUG: step.completed {"character_id":3504,"request_id":124,"step_name":"gem_world_rewards","status":"completed","source_type":"quest","source_id":"quest:3504:194","attempts":1} 
[2026-09-12 20:33:59] testing.DEBUG: step.started {"character_id":3504,"request_id":124,"step_name":"exploration_context","status":"running","source_type":"quest","source_id":"quest:3504:194","attempts":1} 
[2026-09-12 20:33:59] testing.DEBUG: step.completed {"character_id":3504,"request_id":124,"step_name":"exploration_context","status":"completed","source_type":"quest","source_id":"quest:3504:194","attempts":1} 
[2026-09-12 20:33:59] testing.DEBUG: step.started {"character_id":3504,"request_id":124,"step_name":"winter_event","status":"running","source_type":"quest","source_id":"quest:3504:194","attempts":1} 
[2026-09-12 20:33:59] testing.DEBUG: step.completed {"character_id":3504,"request_id":124,"step_name":"winter_event","status":"completed","source_type":"quest","source_id":"quest:3504:194","attempts":1} 
[2026-09-12 20:33:59] testing.DEBUG: step.started {"character_id":3504,"request_id":124,"step_name":"final_player_updates","status":"running","source_type":"quest","source_id":"quest:3504:194","attempts":1} 
[2026-09-12 20:33:59] testing.DEBUG: step.completed {"character_id":3504,"request_id":124,"step_name":"final_player_updates","status":"completed","source_type":"quest","source_id":"quest:3504:194","attempts":1} 
[2026-09-12 20:33:59] testing.DEBUG: step.started {"character_id":3504,"request_id":124,"step_name":"message_outbox","status":"running","source_type":"quest","source_id":"quest:3504:194","attempts":1} 
[2026-09-12 20:33:59] testing.DEBUG: step.completed {"character_id":3504,"request_id":124,"step_name":"message_outbox","status":"completed","source_type":"quest","source_id":"quest:3504:194","attempts":1} 
